commit,status
a35dbc4e613244fc326c88728f3ffd47b8f61c03,0
494d8d8d9add626af4b04f1717622291f98cc326,0
f23707fedf4e062c85bf1a576cb70c9e85289c56,0
d743d3cc2817064b83964e5f7939c956c9f130e8,0
8e833619dc6ddd39388922144ffdd5b8981cd345,0
6ef1b748b2ccabe0fb5f24a543d9912c12228c00,0
b93c96a6ba89a360710a81974a2a597f80fbd82c,0
dc56e60ed0c2eff934a3058933a77a63398686f7,0
7cfa8bf8d8dea5dc290e07ca422abe86dae33a2c,0
f4515c4ffcef0b9b69dcb0fed2e45229ad306fe1,0
ae174ccc303fc4b185015194681cb378a623755e,0
01d7740751bb95689f3dcb0983a0aaec2a358398,0
315c1ceeed6f4e389901ec796e345274f47811c3,0
2b3237cd3bffb38bfe5ff26902f823d3672b1527,0
43b7db9c8c977e30d802ddd9ad916e119b6f75ca,0
d05b54230d0ea8117c8f46145c77a457f8b86a99,0
f67bcf352e833db9c0d18a51553c4ceae0c73fbe,0
eeb2ad5b114c285ee900d792238d0a0a7f3c0a91,0
b66e366bdc5cd821194978c7d8a231493a8a9bad,0
d1c307f15a7869a0360a2fea25438c410278e5e1,0
cb8084064d87ce33910650fce8f79b97e0538232,0
d3d3c379b77818a6e54c1027beb57c7588993958,0
5327f57248056c1d3883cb95aeab8baf52d521c3,0
17282190d0a2e4563ca2abac6baf614fa2a5f19e,0
b20446d9e2c4e9663fc43df94140a752359d42c8,0
33a5f0556a412e720622d000c02d56e2a94a8e90,0
9f2dd3550e2c0c2c2e4ffa84a5011ef1f4a45c0e,0
8ea2d71642acaeb93c4c3a2274a92edefe3c4106,0
10ab1bc9b1b6a07b1d05e935bb3a57242179aa38,0
d168c994c1538b7c4fd40346e5d007915fadcdcc,0
d148a088a1a87c4b0280a65331ed2a3dda2027f3,0
43de67d07d311db302568012d34921732d0387f2,0
4322b73e25f440ddb62e31ca38f681663875f5e6,0
bdf5ddbb4b840b6d4af6d68849c60b520bcf43c2,0
a977676cd33e22472309b24a882ad3634a2cac86,0
2fda66ec46eb53a28b26f43e16728c55510f4512,0
e89938830a456da686fdb035918e087cf8344b5a,0
bda008ac8da39e98f8d97fe8aea22fcde65d5d3e,0
32ebc57fd198ffa0133178a87a669a9409e7855c,0
036c8322fa5f9b0609acf8627940703880f9c6a9,0
26019784af492141fd51beb9b5f06963eed26296,0
b144cac20058de873522b3688772956a9d94b85a,0
dbc98e6175a0cdc202b882f9a22c33926053ab79,0
43343111edf6cd1f0baeeab5657f403bc2515932,0
1ea8890010fa1f46b211f20765cfe2787f50673c,0
99f84abbd95c174e283f38fa753db1b4f579906c,0
44ce30494ebedf4b08485cbd38a893d1635ee4c2,0
496a6146459af8c24cd1cb50c43254cfda68877f,0
1585b13217f4cbe47391eab37397235793b3394e,0
b676674865c6d21ac8be76c5e6045ba115e7260d,0
ee4bafbbaee85dbb86389c849cbfc9f0a74e2e49,0
a1ca0c1f484305719fc9eba69f629be1468f79c1,0
e31c6c0d47328099c7dff3e81fa89cbbdf13b1b0,0
4598de1ec63e5f4d4836a8686dcffbdce1dea351,0
38c527a6cd80d1284dd191f7d2b68c2b8c24a1f8,0
82c871d601319a4fea10017ee795532b8d63aec4,0
331d64c25c5927b22134cd8c42e1df832ae24122,0
78823e7b69fc98227bdf743d3e056aacd3b5ba5e,0
322f418eccff7f76b1ae2eec878fa06ee492be43,0
27a0d082352ab5a7d8608b55323516212db08a77,0
af14d158a34d1ae0983f6ec45461db500a3991b1,0
d20924932bf41ad55723dc0c2a2a7e418d2ae5ea,0
ff2c0232f8078d423c9afca5af3830a8edfc5fe9,0
52916ae253672acaa21b8e77e01dc5e0536581d5,0
398c5ec65670a7925e479e33644630ef9d3a7aa8,0
685dc52f64fa5abe7c2279357656346fb28c091c,0
89674b56120c84e7be6a8ebf830509e55b957487,0
11e47dd8f02b37a2e4b96eeb045ea0ae6c10e107,0
1049c6d727b0239d26b6bcc1629412ac75f2d396,0
0eddea67acc5a43e432882f5b49b82d6b1cfd71f,0
44995789d5c15c7e57ec5ef747b90d0ebb5672fe,0
d4b54202448dbc9f55dbc2f395df86f2f2e5ed20,0
baf0a43f5eb5f68fc98b9ddec03845b40bd49e78,0
2623b6ef7d59183ba1f40584587561cc2f1ef164,0
7cc83fe9abdabc41b3d389280f2455fc9ce7ae25,0
5ec89deb214106cc2d4f741ce06d70aa7f6c77f6,0
a107563a23ace17d960982c1b3227deb9bf87f5c,0
fcb2977192989cfac5ec864e3f9a4083d3e6e4c4,0
b0ba54040b7cedf91cb0d4881ff6783ce330acd5,0
05a31cb62901a8daaa531fe8e1a0567e616463a8,0
e0318bf236065eae3e4c0f8b6f114c5ef494b6b5,0
1a5e92f4701080563629d0de2f5f5161a84b9191,0
367c71d3cc85c1663081438232f8297b6ea472ae,0
f0c57edf1cbe3e397e0f67c34c1916c3b2d9a036,0
f6c11124248fbae7fb98143a8801af1fa3836a57,0
47b318d9d6d1b19d9f5e11eb923667c649e3e97d,0
929bed749f227bb086fc5dc78458a95e800b20b2,0
909aa9a87b7c5e7cf952bae5749d66eb21789325,0
9ce6dcaa6ae5ae5c066ac6ee97fe527d441a2f92,0
e924272422aef02cca278ebb72dd07ed8664bc0f,0
57a67b512bd03dd907ac0371a298d53374dbbfc2,0
7bd0b1974b9de999c9c5228da49cf26ea0c4e704,0
5740fad52a7126b99db01440b09733c1ead869ed,0
a02b777df3e97e784afbdde4ae591e6db849f4cd,0
f781921401e03b9a45d84250daab6ba064201f38,0
163a04ce8becfbbbd5f2cf7ad5ed0be9314e250f,0
5825354b83827d6d259249073e4af950c046a119,0
df23b8a678810e216aac3e0ec4fe2d535b4da126,0
a5cd34648156ba7218b066fec81b0ffbebe01c3c,0
43625fd0e9c68f3f917a4d2ead2147536d0128b9,0
f439615d29413d1e70f4d879d2ba28647c2f5fa8,0
68105029a3343ac2f2e4211ee33a35e0bb5de11f,0
c5c5f07934f800b0fb5e3e4cef70040f60b177a6,0
736508c43b6fe7db742a74a1e86ad05235ead1a8,0
44026b36fa9fe6a521673eb0d17eb4478a47fc7c,0
38a88646a94dc4345091c8f7a7455298eee4e0aa,0
5fe1530a784f91bcfdb72a081895ce03a11a0e14,0
60bf32278e560dc9f4f98d2d12b7d988d952975a,0
2c8abebd62fcd9aaf7c9a73715930041f4c935b0,0
f2c75343da61cde8e985bb623155514ef0938bd1,0
62a4f4cf488b6bf122eb3f167758f976be2e6152,0
cb1a4192eeeda0a2be258a10341f20a319697bc0,0
4eb7f3d2640acf61386c5abf5478ce8d12ce614a,0
c9c90fca19862284b3c63cef710568a7cd80397f,0
371b438a8a66cb6d76a87d14fe54af46c9a190d3,0
19fd02fdeb4269b39f233f93c6c08efc18fba501,0
67ddd9009c92f8f1c083f4a77228a04f6e10ec3e,0
e8fb815ecd2afc1f54d1e001dfc7ef11359cfb28,0
c49ff0035cb0fea31f23706f6066f6ee3d260b80,0
90bd586745961d43c016500afc95ef8d7e132e2a,0
1b1d6d5da69d46a84eb02c29245cfcfdd6ebf093,0
aef1c86d733c0fe09e7cb8ac55f19437f3d231f3,0
69ad717ab54b39ebbe8ff904d66086586248e060,0
e70247afa2e23c982afceeba5c62d9546dc55412,0
4ad242d80c324fd32fd2e4136c584f9a75a30193,0
7bbf50d549a8793b7026f1d22b54b321fc18da00,0
45e1dee27b0ba3322bf258e3f8a448dd5f7a199c,0
6583e5de1d828e604c4f544b4151642577527248,0
249fb572943e46a50f47b901ef4188eaf2697456,0
39beb46322ae4ed8f1f35a9ffcbc9f6dfa0d7993,0
09620c8795348941816427aea40883c1963626c3,0
c80274fdca567cee2b7d93b92f5b5106bc8c5dab,0
736f2fce8e93221200e55aaebebc367417af9b85,0
140731039d3548decfd4773f4483feaf92096af5,0
24046d45ba75f1f616e4aa15cdfd0e6267f3da4e,0
4f68e384a26cb0293f8dbc6739625c292eead0dc,0
37720cbe22f1206f7fe351818bc625a201de8bad,0
c33f637e3ce3a8213393bcfe8a25bfdee0cd4245,0
ad328cbcf4dc38cc309fcb2e40a551e9cf5cb59f,0
62a5f9e552ef494d940576c7f2948e5b1d33bcd8,0
a64b2be937f97e41f190eb8e31420d19bcd4b5b4,0
d082119d563417146b7c614334ef19e68336887e,0
ee6d08cab15361f841d1c6c48490a7f06f0a5e24,0
3d4399435e3655f5fe21b47e618954b3e49bfa1c,0
ddc56a597b95aad7968d6651c428194fe07d8163,0
89058e7b74263641f1391c0722864386bdef094c,0
e81d9afe33e90970295ed0dbec6f7d7ac66a7df4,0
f3027dc4be6bbac04a559fe996534cabf8b6a68d,0
8b3107f64c769897c6cd0f3c5ea2c11daa1ea933,0
5f5e5bde8b3d91f42d7cb81e34eb2b0e2e1b9c4d,0
fbf68524d3f4e3bfa4e707b853fef89c8c6ca827,0
b70e849980cdf2e4c38f37a776f0dc306b2dab78,0
fa29d04871ab786349b362fdb95db2ab7fe34e2d,0
b08bf052b4d67e45d21ccc2ccaa160ad51a316f6,0
04da55f0b7ec7bfddbbdb7ce0ad6abb34a9d2474,0
ba1ab808762b83137411dbb39714a66c472a536c,0
b4c9ef848f1055dde38852f27744286f14dc5473,0
100331075531b35e7811f329d62f6428d4e0c4ee,0
7c55823868ba211941295607fc154ac38ff6e904,0
df1da7ea92bdbf4be223e5155f471378079e8c35,0
233afba4a7f6b720c1fec35606b0f5c678b9d29e,0
967edd55810e5b3b520dd8df0f7da783420698eb,0
8bc4871c576e5587d8a31cc3c2c6fa2fa7a1649d,0
811d4f350c913dfe2e492003e486f07b0a9c1e6a,0
f80ac38222541317166a520470142018f1d23621,0
97df5bb09c9bd6b83f0e88c825b7c7370af2c19e,0
49e969e57b5df1eb54628a51feaa17a6413cea49,0
a5511fe280d5eb1acc6fa161a57637faeae99c34,0
3567f9f7c669c7b82e69484dc099a375250eff0d,0
a1d33eade888f74f34819cb972a94e61f644b365,0
4b20f3bf3ee9948fc307a2d26ea5c6053bb41dcb,0
21c8fa96ac98c6792f644363a9db179e5bcf9da5,0
8350ace9c78f19473ddf36c04326699fa02385d7,0
3afb174383f6558c7a604ab13f6d11076965474c,0
efa6237417aa1ebb180c4bd17d7b56492234df4f,0
5d55a0052d74ceedd2c2816eba3e75669b7e0395,0
30a6d5d0f9d90450bb70853dd83a2a0303742882,0
447582e5f41fce01869948f281b3c17793c3d34a,0
5f17c65e3dcb88f1eeb5ddf80944e86a35ff8d58,0
4019a9f3d2ccb7f4ba2dcc5f63b4b55f8767aa30,0
71a6e8f7a987158fee0f98625c340e9bba541a99,0
b867d0c6a303fcb05ac7af8dc2db251204bd2994,0
5cc9e2004ec79fe19ffd75254fd882f9aee7c9a9,0
8f72c62317b36e2560b57dcabca1ff882277c7fd,0
9aa81e10a6a0ad53d6a564c2fcd753832c93ff89,0
64f843d74b84465d21998a0bc1da608eb31057b4,0
dc83621bcd0893e0109f6235c9527899bd819afe,0
78b7a65fe27baef446d6455606e334f264b3030a,0
debe7befc8c7eca8e3103627607a8cdb2a2506ce,0
4a2cbdf69da11b6396679bc8ede80067fb9afd32,0
ed1695a87aa8be681481af84a72b78ccbc83ca25,0
69479166433991df62715f6fa4c6a5889121f4f8,0
4e46f910d0d2eb339d53fdc5e4a224dfe029075e,0
1dd2be03ad7ec020f249e7b244a29a8b5e5e563a,0
612f164658da33fe2f368be75ba3cbf6407c2f0a,0
4741048ff3cc7064de54820e2f7569141c3d1134,0
db5f097737f7307f4a9d0dc83120cf431a1486c3,0
9d9b20f5a9b2c5c2c180a622d3d2461efb975fea,0
690c6105f9e66cb3a8a8b03344f64b2cf00d83e9,0
0ebed1b38e5a620c2f9c0884bb7d5734944b79a0,0
1f81e26e656bb4f74e08c78b4c8e870f5898335d,0
9d0cc0b345485f93863012137836bf324d43c8d4,0
9f4bd17edab1147379cef88111584be0781233b1,0
87eed91ad1139e1063fc786ec63bafa0f086fd4f,0
6b699156cdb8e72ff6ad645ea601e8deeaae1064,0
aae25185addfbae48bb13dff1d379c36f3e3ad15,0
35c192e8685d8b06102dea7daa0c46f360b798db,0
434a3b97174fe13fc09e230ce4ddfceb75e6d20c,0
e2017967f973e0c418fb85488cd948c955a08d52,0
9b4551dea9bc75234b5d9dee70829f1de252496f,0
d7639a5ad052a8c44b0735e6782c546bfb9db290,0
295b7a0bbfb700579c4875ebc1c092365b21a601,0
457462dfddf43b0975dddeeba7d5f60735587101,0
c313d572d48f04b83b9c28f3b96cccbe98529df5,0
ce530736804fec76186dec2ccaa9101bde17ebcd,0
890f8ec47ce115486f1f96701da795afceab3956,0
5589cf4415c04f36503515b741e5423c58fdd7cf,0
256e5cbdad02b3af3a7238a7d91d3f14af203964,0
59e3a15e40e7ef091438a45a75d906d6e68a42d3,0
5e04c2abb465731f4b0daafbbe8834e528ff4d02,0
4f48d0bb34bac8be7ecf1c5c2aa4edc65006f176,0
dc221e7adcdcd8f10c5cf14515a8c30eb1e13064,0
663ca17792993f977ea820015e647f76791c1aaf,0
43267df5fe169e3b1de8095955967a201bf6029d,0
0fecff4b0722ecc53cf874c98d66fd3a7144d737,0
de4ade883bbe8b0e8231db642e481cc36868b54b,0
9cb6e6b26c928829c567c4111ea1b0e713075506,0
84051c1c9fa812575a94091b224e192118201778,0
3a6f891bddf1159993ae7047327768845a96cc96,0
e650f9b1d80c98f8fbef052622de5e82ef3d788e,0
8eb3099574198d9e74515694840c5fd32c71f3ce,0
c52f4a83f2c090776416e7c8ae7e94aa699df9fd,0
fad21a6dbc89b1c41a209a500fe4f6bdb58ea898,0
79a2040865f74d6155716e4aba9dd55c2fffa959,0
3320e9a63341e7cdb5b34f919cdb92d0c4c7876c,0
2e4775717151c828daad0111a690e458c97ab5ab,0
669b3d55c18afa27f3a4460fa0c22e0ae4273404,0
9cca911129eb157bcfd87d3b4801b6e8620144a4,0
f115c49281f996a96e04f25e92e642dedbbd7a0b,0
3dc9649f3190b8481586d6aaebe9c4c4fe2ca769,0
4dbe24518ace95b32eeef4fb508fcfa8c41403ae,0
b47f895958415ae1b28757628417ce68c3b9c10b,0
824640a6f30b1446f8857e4c8518217a49c93a18,0
7ee83c7e5cf38ea6f17eec0681a2e7ab69044e63,0
96588779122077892b8a99872dc53b31e14409e3,0
dce4ce7f57433dca950aebccf3f5b6bd77777074,0
29dc941ab0bcd889568d52ba2dea9087e131a219,0
b65f9f1e49361271a1535201dd4625cb7e370a53,0
13e1fcebd11e68af49f722026ed29b05500986d2,0
b6a4217bad6e1aadefd6eaaf19517697197f21ac,0
a429d04f29da8b5e16011265dc2e9702b6ab2b70,0
dd88a30642b4f86c435f512e1a3e35937a91bdc4,0
9aa8060dac63f46447245319e131249e276db62f,0
36f8375ec27018e07ba30905e1f5c1190893fc6e,0
a76232b46cb7f7d15064a10d2549a88719a21565,0
d0365b7f28d7ec69fd75886d60768a36c9b2b0a6,0
5934ef29368bcefcaa7d85c55d247693edff6821,0
0716aa2949ba868791e29abaeec92fcef64c50f1,0
62214f6d57cb7e2c81f8c831936b93023cfef3f2,0
c4d3bc79ab3b1cbeb1de2805a4af85c8be93f6c0,0
60c614614f8734e3256ac468cd5d028f1dafd07d,0
f3008b62535cd6c2bade3ed469bdcc8ebcb08a36,0
9a6583a778b65d7336c9860d57f95e832f8ac66d,0
7614326743963cb2c92c9c07d45f80f3796ff852,0
43d45b073d186cb18f0e6d5d16320464644bd948,0
c828bbc586180cdd12a5d34fbb803dbc8de0e8de,0
4beeb250a5ba7e5aba6253cc69b9211b5f21804a,0
9ed858cd5071a96141ed12e41b5a251b0d3d6341,0
6d8b9c1b2ed3d068687eb4ee8c55c19813595ae8,0
a46258f6bb02f013bcd17f0170f4e4574c6ee066,0
b1f32038a4f1f6f97bfd2c0b7f596ab4392f6235,0
f2972d5e61eba492f3ce293b58aa419245184c8a,0
7f070bafe6541f0945e32b761f6306cf921a763c,0
e4c0735413a56aff6ad85e5785d0c2b27827e76c,0
ebd03293e6c97ae567ff0b86cc3fffab7206163d,0
1bd0dcce6deda2ab4385bbf419457724e97e24d9,0
56a1aecaccb9d7a44d2e03c640581413471e8930,0
28777fa0915cc667dc020c75180b956fbf61e7a6,0
9abfad57050835dcabca140aab678a4ee79b8054,0
28d50b0579d29e127bc29e7c268ecaa83956bb51,0
ded480d219d73e74a2a17f35f73e42de38c4d676,0
096bc816ac439c86c3360a98af95a2b74647ef7b,0
db638b6bc3f073ca6533de5d9a762fff5bfcc6dc,0
069d8c1ee6d69d06fe2f44ac39d7e63e7cd284d5,0
e79d2bb45e46d43fd0953cf691d0d8a72adf2615,0
f4c13b7a30a7ccd44cd09516babfb3ff461cd3c9,0
1ba198299b5533c687ec0b422c80475134093ed9,0
3de12400634fec9563f36316e3ee91f23a4e1e33,0
f2a1c64ee490aa54a7a6a71efd1d014d452b954b,0
e61c6977c708574f77aabc398c67745c82ef8c2a,0
01e753851cfce67f41da7f9adb3af2d9b3cda9af,0
a082ae1643bf33e21cb84f5dd67a8bd25f2214de,0
4dbe05c0adb7ec489c11c3118e7a7149d2668d20,0
cdfb2f5fd681ca0ced575686a3c7b6ea98fd7b71,0
bafafe600b4363724d382904cd01da6877788cdc,0
e79ca3e9da147b5bdc602bd8cdf101b6e2b25ff3,0
698e1835a8495c5dc52a132e25eb1bf49d6ecba3,0
9fbfe2fc9060a9c464e56499ae68693d01210801,0
64eaf888e9208f6ae0370812de7746ea94099588,0
c3a7812f63d664007eaf3926d7871079c309b7b4,0
33931c9953a38b9189536209985bb104072f1327,0
faa748ed663437c9960f52629bf840e1ea87087c,0
b76ba37de11271f830a4390e3f5ffe7cef0d4b9d,0
2d292b96bb0c65b04b962a4aa4be48741d37eefd,0
9b6702a85c165ca6503f564b1653dc2e3f72404f,0
5b20d24ba07b72b466999ee15b7a27a6256f8eba,0
93b8969292dd2537ac29c6b59537bd254c91e336,0
c1922e4d0c6472e3debe38d321697788c15b04d6,0
45d8a4c9c08cc6233b863091317197b55bf9e00a,0
008d76cc3fcb8ecd0f3e1a9132089251636f3cf3,0
20ede5ebdabe6b263cd48fa7e7f1119b322ebb13,0
9a54010ad2dd0cb37cb7516f3ec55e6a4f9fad05,0
c4cf57c511776dd4baff17de6723cd0b3f78d6c2,0
7c6d768d77238cdf5df8da43ddc27e0e29563448,0
ba1fbba02466f3280110afef14541089433351de,0
e6622f1d5e1b6bfda23d84599a01c2489f3b391e,0
5bc7c3ca2d45d671581f9f712b0aa5fe8d0dc99a,0
07d45e357e752006b45daa4bae6186509b64baf1,0
eb09b029d9e37f3f289c6b63f7f44ced9c7bde06,0
c39942664a747562a07b073d88c145f162aab67d,0
9ee8aad0122a2f2f251966a7d2f9f1a980b6e08d,0
02722235f73dd0ca2a55bc06a67b57bc763563cb,0
ea95444d13b8481f5eddfc795e3b3b30512f0472,0
7055ceebe7eca414d20bc58bad88ee0675667b55,0
9e97e14463881eda7b17002a50d2307de3125bab,0
3dd1130efad5cbd35c7c01744ce2b8a3fde84563,0
2da4063a6fb98846059bb1e6659c1aa802510ccd,0
be470badccb0bf3d4bb46ac3cf650dfb1e93f6c5,0
37b136b29ced6160b24218e73557518f69c9f125,0
f048635f6f068fa7bfe40a48d288666583ecfede,0
10e3eeda2f50f2137d66a1df724cad9bb4acd2b3,0
10ef9761a04fbdede40caee8ca2fd3b26a676fc5,0
dcf2165a63169513050f245c92576801ec7c60fd,0
fc8497424b5f66d20218087461be4e96212bae3e,0
985d9885d756e28e5f34f2241280dda1ebf775c6,0
8bcf9ed9528b2a8af3b8ccaf8ab601cb396ac149,0
aca09955d164fe203d15e03662183d455e9ed92c,0
49a03ae6b644c0021213933cb124b206db4d59cf,0
71142b35117b1ae2a8ebfd459920511e1be5a390,0
973b98f879bdedc4a2cd283be97f17869b49fb05,0
a8295053c5d0e47ed0aa72706d3a197ab9690431,0
23ce448f339054369b04e29f163a2b94fd0ace6f,0
6efeeac187adc7919416724212e264d9816efe63,0
4015277a9a204874c5db157f1835a2fde2dcf669,0
239ac0c076a48a8315ddd012f7f8055cba8cf073,0
958ef399d680e712a9218525f12ba7933b9eb40f,0
054f1a98c335a1d98fa1352630171b9b0840de06,0
4fc5798dca50389a0df644e931f653865b3b1286,0
aeb3a649b8720ceb91f9337d0cd28d6512f9f784,0
4306da4a6bf4307d4a870253fb2774424f12dc5e,0
ca61148220cac99f52882d01d547db0da810829d,0
7b28341acfa95d5dcaae7f8e1ce94817cb7b2402,0
5a902d26e7c7121b8f0ba5d11be30f748bb33e68,0
4e9e1995244a094bed1502bf7b2652128a9e459f,0
3f9e81826904dfc9e312bf529f90d2dffd0a3be9,0
0d26b59647842ebc97578f084ca7feb62751afbf,0
69b41bc90b8977a446ff127a6263f647d0a1d00e,0
aca4e6d3651358b9e7cb6de68c7c7672340e9008,0
cd4047d1542c84c2352b5f582c8f73f11c6d2bc6,0
5fd7a9a722eef5b2f779f310c18b917ea9269c25,0
c28ac1fea6fffe80b7c41f21650cd2a214a922fe,0
42cc4efc74fed396ec6a04140542d6e8d9bb478d,0
6f70d2078fa13a6aac4ef3d8c57a249d32515736,0
478077c99b083478973d3f34301c5191e4265595,0
1a829ed2fa91532e86edf8c544a1f5629bc5595b,0
59d1e2aa8ef99e0003e23ed2e0d7f8090b74e9b6,0
bfff244e51ea767883c92554b4ab701f25566fc1,0
f2c1d8931b98bb2adef89f7c8a1fe42b28cc3dea,0
5f80e6987caa93c3d050a80af55d4348a443a7c2,0
f31ec0318d66d8b8acfa0ca11d320c5bb36e2f43,0
bf5205907b4b73c5a4e27183ece42834c718d502,0
89db09bb588800a0aca972094863b068a81a0718,0
fab3101178a6470576dabb87d7b1a482942b9faa,0
57230dc7f010cbab87b8945d3a9b3d2eb5ebbc89,0
598acf1743bc89cbb56fd5b7cdd1b4e01fb60f5e,0
ebc67fa6e12ee5e8067847ff048b174da2da6993,0
d9781f173416a236c4da1e4b3c756c831a69eb5f,0
2d48b40a1d1b22807bc55965ba4fe263dadcdd30,0
b6dd382dbbced6f7a16f8fd40014263061b7c6c5,0
a05fa66be1dbf106f6d4a448c7b44bfa8809022e,0
5643eb705db2e153328e50580fda3000236724c1,0
eac694d674d12cb3993a2e977da4612f13fde6fc,0
179434596635cf7d0f5b68bd9fb1d0936b2e7fb3,0
0e0d0b608f825b3830f3c1ad06b1a6b8bc677193,0
b6f596343827f7184b884de2fc3921368744e2e0,0
2c0b2d7b31ab3f2f7e0492f84239fe8ac050fde5,0
f31bfa756794d6f0f3a525c3a009051294fc85be,0
f9e6e3d8607822e436bf5020dc8c0e1b9e2400c7,0
8c52bb1c1abb3aeba815a87d7c8b1e07d9b7ba79,0
52cdae53be08ed37e5d73eac20a39d76f7617bcb,0
90005fa61a3522a625f9a6b243e5797296132597,0
120b35fc614fefff2269d40fed0bf6d46a8ec0c2,0
fffb41a78cebe8753b343c5d9d3ea59a4b3f5bbf,0
74db5f63bd56116abea800d420d23133c27462f3,0
9280c524de9df7a16aaaf37e8b4d8eef11977ccc,0
6ebf7e66f3dc099b26ecdb332e5d0886f2782f10,0
36bd5637ebfb803ad80ac13b5ab4e0179e669b4a,0
83099f13296cd19faa810ec58c6d2246f1f51fdb,0
a5cfcb0de07e54d354c0d0267dd164ed77a34c5d,0
afd1183937a5ceb7d3b6420a6621f1f3356a4594,0
d9839543b608f3f9480e678bb10f3bdf778f31f5,0
6ba30d2c2b41e2322cd3df9df85e80d0d4d20d05,0
e387d3e9c77033de56dec79c5cc9871981c61a29,0
bc55f0eb19a97a92ca17ed03991aa0cb6e5904ca,0
f9ad2754f761a5eab4d6786cbcfb8754c00cfb35,0
b2b160f243ebb02c6e10f79539dd8329a7c198a3,0
1ad4ac969104e92e66489e0d5900e1b55149ee24,0
0c7d2c0b1d658073c68c49358aa4bd59518da5c3,0
ed7fa29baa2ded3572374f88c98c98c531b72660,0
289bf1d276825477c8083651038ae2c190ccd932,0
2343bb3829ed61f33dd22b253bafa22bffbb9baf,0
160eef0a0cc87d8550f7b53820d72931da499164,0
5f9a544866c96296a5c633f0205557e63b377572,0
72c763aa7a6c1d14cf51cfd08cf18917243c6bcc,0
8b215482029673bb34c51d19b441b61dd39ca64b,0
07e17679193ca40be3a142a6b3642aa2d290f0c1,0
b4ff39c9b6566d5f74066add1e20f2534682300e,0
b24c207ce975877eb8914e87a4528b634f2396f0,0
f43ff5448679d75503e40b5c00104618b2a8e727,0
3a13945b05090a19d1df7a9a0175ab77e6db23fc,0
824121f7f990277e6df2503fed723b53a08e3f95,0
79804c035b8654e1d195cac87e08cce0ead91de9,0
f11dc9f80b2836b7456826dd1a78bd1decae9596,0
55f94ec98c38053dc26c030e6852fd95265c4436,0
195a2defa7aa0fdf5fb785109cf6d4c543b49494,0
9a514360b010c3dd5893525084623d900636ba86,0
5c3bafcf074bc7256586c8ffab492128927558a5,0
7bffe35c88032f63dfe1962c2709181941335899,0
b3b5e013f71dac9c234258284f95a241e1c3e751,0
ef36d3fbb849784cceaa6389c13780de41826dba,0
150e407400ec635902b35ef078743ead160ed277,0
cf62937eb1875effd53f58ffa20397701d3bce1d,0
8d6e351525b0de301765b55772f6d2b128354f7a,0
f62cdc153dd60d8bdce9b6193f598f78cd1eda18,0
7af076195974d9d827b33090d729119ab6a72c2c,0
88f59bf178d98bb97782a742651a964a08a81a2c,0
c9516818c9b5919d152f3dbf70de40d148ea7d3a,0
6804fad5e7e76067073669c994bb59a8c51c587d,0
00e295490d190be5abb3e2450ee75b3b4d3e27e4,0
337ec932b03a7f48134728d2a3d4d6d279d91802,0
fb05ba9a7328c9ab05b82b757fca9ba598040f1b,0
7d20c5004c50e401a53ecfb009d2ed21d2748dfd,0
3f6348b4f377ec22de6511cdfc6242983a9467b3,0
b9eb3fa8b39723fd81ef555a6840a3f684ee0bbc,0
c242fa55572969d9143c45941622f3b84535bf44,0
113da889b8686be6cac99618b10bb1d1edd72b15,0
a3479f987f3706c038e0ab9aa312bfa1ea80263e,0
88fb9f606860a1e26179280ebd045c9d488236f5,0
28ebc75b2b2a416fe211657e4a1a4131eaf5f990,0
25faf5bb1dae80cd9d3ca4ec8919861cde597a97,0
0be13027145602cf5b918e3277ffcbfa205abce4,0
134f867cea9f256a49cdab8a1a94467b9ef3bfe5,0
a023efd4b1228c05e6fc91c8542fe24395a501e6,0
808ecaa24f25b48f97e76b0a4eb45ecf101e595b,0
0606a8e2468663992c000adbaa88e7c9843e2967,0
f21415d6d80da20278d1c0d5ee8a26a61126b410,0
f4f6898662222e0d19fb18362f91d9f66b55d97a,0
6cd0e218bf085e0ec4b4d90b8e1b7494825fc95c,0
94b38ab53b78a11a6a97f2c22e8805e064a40d47,0
93a3e87207f2a6a730651b0626cc3b5cbeef4bd9,0
d48dfdec161258870df0c2deb566f6a6602e89a4,0
6931dd5bd90d3dbc6f0c48860a8882c6b502ef41,0
f069dabadaaf33a1d3c4558b1b2eabefa2670c10,0
afe05a61a25d521d359ddff64e7cade21c52b27a,0
294165b5a79031abad7e3f7dc2dbb9cb43f53f8a,0
dd3114600e031d785a3208b77a7318f2e01d4409,0
36552743a7ce5249f558dd104ce94105775252dd,0
b40a42160626c30e5f0e08a5fa0db7c9fcaeace2,0
40581f846525497c4346f64d16c69a684115473a,0
dbe61c6eab12ec6ada51d3c316e5162864a41394,0
5957e68d5efefeaf622940398107fc9a430969c0,0
5a3d313e5999f7463e43b0f78a90e68b56918eb8,0
e38d25a18aea2dd10f0dab7388f0ca30eac51a8d,0
4f0fdd01a45ffb06ce2ca4bb073ba7187305d470,0
a3142bb87026a7a261112ba32377f954ec71f24c,0
f4cc76ee717004baf0f82a0aed1a0e02ffaeb10f,0
03fdf196c9f33d3892af018ebc07719485971870,0
8b48a3686b23d74afe7bb8c073194907c16e65cb,0
3844c66c2c5b89d9d99be6ca3e4ad10dada359e8,0
865e5dd2ab54abe26c50681e9c7228b13cfe0c54,0
b277880661f4ebb219e1c73ab62d1e15d8c81a73,0
19b19a5a9660c95e05c96034f108f40b4c6cdee0,0
a61612e1894cad2724f857ee2ba12d2f62136564,0
fb0a9188624a03019db152c4e6cf908307ca5f0f,0
9aa3dd7bb825dd606c85f4ac49e8dbf7c225ebac,0
4bc9cc097657aa2c9b0b392213ec6dc6b250c26b,0
2d0b6b55981853b713854c08a16857a450d08687,0
1b594119fd904a748c91f4b6e13bce4d95c28648,0
5405da141a824ee3e629464740662f8e5cc3a213,0
9d10b5661a16331ae028aed6746be634c832a71f,0
3597b9a443d0a56a46dd84b543fc5b7a85c8934b,0
75b17584442b34dfa6063b91311427d8fb35da0f,0
039212b23e0ad8ac1553a75e0b0878e7b2fef900,0
4b5ad8a05c55e9d7a6e584da3feb3d86686d26bc,0
f2c1f268b06a7a7985051ead4094044c90603c59,0
b89b38ae13e500afa335ac87598f3a3a82f3b364,0
40fc1ca7b9b8442d0bd7d15044c9d9e766eee268,0
555110d5bcbe53e2d9fd16c7b13cd5e89112bb9b,0
810da4d8a6d69edca3d66f526e878d709159e8ac,0
81b4949306cdc4c034fbc9e9b984c4ede7294bdd,0
162b393417297717e70ba0fbf2ef858e1dd3610a,0
319e9d69a471184f8b7044a67ef1b148b53d010d,0
add4f525efb3bf584ffcbdd6e8b0171e5f9fbb39,0
dfbe86bda0ecf5b49d2f39dde1517918fbb0b86a,0
045ddad34ddeeb2e3ce26563c7ce7208e55b83d0,0
620229cc9f69c5bcdaa007556e81dfecc9912ab7,0
9444fc4cfa8f800fd7b2980182af8c3c7c1d9097,0
00d0048df20fbd81a87ecd1ef5926a23784c475a,0
5573edbcc9b8e8eb7cb4e7db2349b77545d96fb9,0
34fcdbcc520b148de6eb17ae19392dfd6f9a755f,0
7932f3c76b053cb5ab90adaa38812c1a23ec6f7f,0
d2e75e1d51c250d8d17016943a1e01a015b70c4c,0
d353c8bfed89507460f10b6c515c3a5b14ed323b,0
808eb5ee2ec94e1662642ea3c04017f22df40373,0
4ddbed1bafbe10aceb1206dc129c1552a838278f,0
d4aa6476b205febaf2f335baf4877790dc2dad4e,0
bc73d63b45d0ac7be029986e7c67a2417e8121ad,0
c1bf57bc2989fe67276fc662ce44144572ed450e,0
b031a1ffed23ddc5519853318a9751db0d823137,0
26faec4940a43f32b7a2b715185783bf0f390273,0
f8cf275514531945f591dbae49b060274d4aeb06,0
5d0c0114fde2d1a532ca91d25331d7dd9d4b6c32,0
74900ee0c48ffb1244455462549d07da46a39688,0
cc532cf385abe3871f6de2e0d66750a00c6493ec,0
22204edc7a748d1d2e00b9984ee6ea1cc16c5616,0
7b62ffbe80be47d504fe31083d4e0fabfcd81aeb,0
dd593e6c18d94d8892b991267b33e9feadd1b0ef,0
639c5fa352d90ef892014525dcc1260553ec7a90,0
0f18d85a321b67fa388140a7437a1c9d301d953b,0
5259ef3f2c05b910e6dd858c203b415e78d555dd,0
1d89808eba779afa4c85a86c00497e8e39a182d4,0
edf1a4d4baf6897a75afca6b998be559fc69cbee,0
f18a7a4e9b54663f42754e86aaba597b420eab43,0
731949b619ba279fcd672002b83e75a90d9ad1cd,0
91b7139dba05562838a843853eeb5e0e9839e1a6,0
45b089f7acb62ac7f456285404a9551cbd98a1bf,0
14b9c1b9ff85b173fe73b538e93aa9c3eb6ee67b,0
d3c4feb149b9ca8e71b4b820e173398c603c27c8,0
c7fe264d928387479ab5b015b07a809f45926271,0
0a59210f4d98ef98ef2071c6b2ec8ff2e426e58f,0
3655cf4b8de682c269b5c8bfa4ceb73eea6f14da,0
448c82bfd527396d91d81aa45d764dac78d1dba1,0
235ee2ff4097373c1ce72c17d375c0423fbd73e9,0
dda46789197938a74d39b6e43d3427b1b50b1a4b,0
4a87665e53a2157daa2ddb70d2e08080de7e83ac,0
26e6eaab3e0190b4ea0a3b44dfbd9efd643974fd,0
ea506b6708d487027e4ec7b42b023723e0d0bacd,0
0f02a22dd3ebf09b6e826567c76a1ee9ff5d7f16,0
bd9fcdb96862ceab23bb241091ee21d9fe9f3642,0
fb8aa91094b0cbb5df567e183ef88c69673d8cbc,0
af9775ba478482f97789aa977dd9ced553495000,0
2e2f089d45db634255aa39f4465bc7b121538b3a,0
597f09dc22bd69054ccf354c558d4787ed6cca49,0
73c941d869de81cd6904ae5e408fdf8341459ec4,0
a3814e4cd234074f9bb1fcc00d4b4dd75b583d79,0
dba4e304b36b0252bffaaccb12f6f275671346d2,0
f6f791848cbc6031f6c892d48a5759cffe17b1df,0
e5b714b1cee0a96140d6e3589aa5a8b08fbca104,0
c5d67f1957153852ed1f10636d132b0a61ca3b59,0
d6cd77eb9530744faa778c6d83c2ddeb58d335f1,0
e3be6c9bf67964c5c7e8220d49e48ac3bba4727a,0
261a4baa00a749f77b0e120c29ce27a1b3695868,0
c46a8d2ba9e5a9ac649db8b58289b1d875dd035b,0
d627f5d16a9d417fb6cdd9e47abab4f93d93ef26,0
b167818f7dded95a73f83b181fdcd322fc956cbf,0
e5e3ac566810c0be487cebd64926cb2442863eca,0
e0fb12bf493d373945aa34f4090a6b0df57da3ad,0
3987f79eb6a5d8ec7223d978c16221f80e81d465,0
c2b68779ac0da50bdb7bd4250caa9b5cf6f15647,0
853d9c412d16c2297b710910f799b92a3e806135,0
49bca2c2fa1592ec1fbfe844de810244333ae387,0
7ba8fc003afbfc81c3877ecf9004c1b215f2bb0a,0
0e1efad0878d573bed5dda742fb77f59a6d22726,0
04a85817d0fb35238d7439af700645ac5337234d,0
4cdf495718e107bc44f816d5248947ee27baa31c,0
1bfdcc8834fdd5d0f6dbe2eb3fa680949eadd062,0
b5c40d8adcaa19ba0c43eb853433291d2ec8e0b4,0
ef144aed6fe6c4310c5ce041265d4f1d862f09b0,0
a5e672195bec280019eaf270042065e01b5ed381,0
d47374519b73e3b8bf54a81c78a5cf8ce3d1701d,0
9d46ecdbe4978f36aac93705aea407bebed3c0ca,0
798c3f4efc23d40061139cbcaa11b0c1b671412c,0
0a8addebb095f6f27d5ca1f41dbbdd304c539958,0
671d9cbe970a3235f41e22e00a48b28e6ac4a2e1,0
5f7565364faaddc8100aa6eab8de17751cf6f711,0
cf5d664cf7a7ec75841f312bb90ae342d963e65e,0
a4b5efa1ac33e6eb7e36770b5ef1f51c561faa43,0
3283ba38a9e2349e795fe87bcbb0bd4d06932650,0
078ccbe978cb9fa02993a1e0324caad62d0d1ab3,0
a37ee2d35dcb61f615bb4b7328381851d8913544,0
46f1b60ff388047a4744d1f72f5e253ef744d956,0
edd78a4931bbc7eb2a227d27f022e8938d25c4e1,0
e0a32d9c602ba3dbba6cc4633169cf62b2263ca3,0
39063979031159a75cc961adf9b6bf7e40ebca19,0
3a8a5da7274ce2e7b370aca28dfed8c25849eba5,0
b45b9ff116701b07d0b242819435b4c5dad2e4ba,0
61c3d599363fb5a2cd886ad67ef77e252f9b3b3b,0
eebd8e80763a78006eafbb8be33f411caefa958f,0
8b0d43678800a852de81084b4a7652e62712b50d,0
9e2ee0d01cdc2c56f47953455ca08cd9bf8639c3,0
e62f0351722b139bce189f8ffe9631b9dfe164d0,0
92153fcc1dd5dcd136547cb1e509121a094e1217,0
7871d235f1b9bb9bc210ebe43bf9db3dfb4aa4db,0
705d42f5f656fbcf715b51079c2d2e11885d7b85,0
bd14694a6590ab688ab5904f0f0d4ba86e2f8487,0
83ed3dff9f9dcbcc6997927e07bde5de93e9c504,0
a6517fdf5e4a16a1e859e110012397c0faf45831,0
190d808ea4fe042223fcb1cbb7ad8b6d95daa6f2,0
da8a9b53dc3b67536f8d4c172db6be0d8046ef61,0
d79b514c4b925e4cd983297c784124efb8f6efc7,0
2023d56eeae20399a613734889e50df13f8989ce,0
25b8c2b58928fd88612d122e271ebf4518529937,0
104ef73c959702fa80c7d7a2f1f23e92b3f8c351,0
145ff1c92abfcf1fc3a9c4415eeafd00d28362b2,0
1bda0469cfdb6734be629894c7d593462fbd6a97,0
ca4e35a740906bab3f36d2d9dd8ff867fe9a3fe4,0
667613271b1f699c2e412298d2feb9c41c0c7eab,0
753c3ecea72dcc0ca2135a2a2b0717239d8d779d,0
2c874308632c65e00fa8ec0a159b81220d501976,0
fc367d65eec89d2956a266884e551977d80a2d23,0
a0cddc57d420f5293de1caa43c6e22836e7c2eb7,0
0370f02651c426e0ea9c3e89dd147b9466e308c5,0
35f12766bc8e9e18e5e4a39e9b94fba60f872fd0,0
7693d3642630e61ae0fc150dedde37303be14fe1,0
42ac64953825d06b2fcbbabc6124595068026285,0
b0784b0f7b2943d80bacf50f86dc6e9c93a69dc2,0
8d77efe21eb7a1796521a3212109036d775a61f6,0
f2035757d3d42561c867f643e855469438f24794,0
1877fd6e15e529b024e12117d76e24ca35586be3,0
464e7d8946c74a541a85cdef59d9128e6b8872cb,0
1e04d72bbc7c705695e9e2b892cad09193b0cf99,0
a55668cecc2ce5c6d3c56ea9d6f035f39d5347d3,0
e85d2c72418b6a30ecc36f06c121795e29bcc0ca,0
dc0d9fa11e66dc80ead856b6902db8d9c1e40dc7,0
b1c05817d530e2cbfcb86ac72cc11bc38089b7d8,0
51fa28757b68b969adeb3bd418ee23a8f38743c4,0
44586ba955b2b0f564f1101d748eeba66e93549d,0
8b44a6d937a940a0c7cc11d357fcebc04777e800,0
2f520eb009816bc5b5af1f6c49ca06252f2611e9,0
94860bb4ff23652fe2bc034b1ebb21d7e9fedf77,0
12d873689cb6940177327d8bca31bfec0439e37a,0
c80679d59627a10c7e6489d613f52564f35ec1e4,0
b9a6a0ee7b194d18d6652fffed97dd77cdaf04a7,0
c52a928f5af21461f39732e3b785e38c1cb265c2,0
862eeb83d397e8a28594c4d42133d69014558254,0
d7550f7958f5395c7d9018695dc6c9ea773cddb0,0
96d3d172ea96f35bd5b08fd3de4a0f1c9d1685a3,0
91af78c1c37ca4a062861f0aa602a92514af5f5d,0
1bde49740f35e44e0d15e6be46f51d5666797286,0
c3293266ce37784a3d60cfb199ccf6725ee07d39,0
b0bf11b8e69ce5e8cfe9954853889b9c62b30e70,0
04038d4d6ee287c1e8bd1ce4565e65423f509c92,0
7903412fe16c367f1447527d0bcdae4c9d70617a,0
3a1ebf13aca557baf95d5a125bc74a8bee356b94,0
9d6d6f9fd4ae6d86371f48aa19eaf20ea9bb5400,0
45d8216e5fbda24330f19d376b0387ee591fbfc0,0
b70d7ae5b5171f322f3c172cf414e92fce2d4820,0
0f69ba2dc8ed7a2d47cca16a4986286060c9f903,0
4d2d1017d7612d6f8dc57109eebd46cac76d61e2,0
a6250dc62506ec4265dbd8ba8d285f627a7daaa4,0
6cae6f2487a1cf2f41c712a126e1b4bb370cbd57,0
c14736b0ac6626036d86abcd9fac387c3d53f284,0
f0c5598c8ca970a48e8aabe7f43e36004c83f472,0
df532849b09111aa77a1d427a562eb2644fc8ab1,0
7f78dd0fa03a02ae53194ce93042254ce46b327d,0
ac07e050c6a7214678ef92e12e8481bdb82a9a13,0
555eebaca28f2a5ab51c238181804e0ae84490a8,0
2e6fa9fedc6450b512c9df0109f88abe42d40060,0
aec10f23cc8a2e4bec169daee89178ac60e4ba0e,0
16e50ff193906bba89439953611923fe55b118a6,0
99d569e7886bec10cbbe0eecc927a1691fef9160,0
f54c03b7eef9654cdb9a451937e0190489fdf3ef,0
098e08994b5305548aeb4f6d027016eab5c37e38,0
b06490c39c8ea0d4adef20704a8a3f3421a63759,0
28163941ef93594a4e36b775aeaf007a67d92640,0
09fcfe627fb1b21477bbca02bc8d5380873ea658,0
f533af4b28a4438829f09ef360319d315ec8396f,0
6c9ee4bd3d366ec1f5e566cd1fca4ceebb131274,0
80aa724ee0de46c02a900df7f5de1c2dc39224f4,0
3d0b52bd0aed783aa1101012c239318570a181ad,0
00423058d6f4139183769d41198ec32d34d8413a,0
c4aff791d390161511a49db1f2cbb82191bae662,0
5e1e4f8777a37893360f204505a8993948ce8e79,0
8b562b93318fd4206750066c9f4d59788e835389,0
08df7106048a897a177ccbd3526dafd5403fefdf,0
5a53fac7267665609948b54bcec2f034039e4fcc,0
333632287c3187261c3b5e615c98f5f55d733530,0
747e4a2f89ef50d822a3e46d930b84a08bd332aa,0
40538b21a31ecf06a424addb1be426954bf1f2cb,0
23173a0b9b0943848b79783fe476cd24b1eb11a1,0
96fbe2c183bd8b163909c939fd037ee3b4f559ef,0
e2a74327fdca52a13bb4ad1b4898218a56d4a2e4,0
0254054b34d44ca3460b8d7c198f2fe3f3b16413,0
9b087848c1d77df4d61205a79f2e35a62a42bebb,0
44c1d726d18760cd9e9da670fcc90c4902a9eee4,0
003bb0a830bae2f27f84004fec4a485de408fb64,0
aa58429108cdfff1fff6735942616c5258f86bf1,0
a9cf5db1690990a1a88e1fa622664ca468e58903,0
679c46e82353f76c15141d98f9fb73d07cabf692,0
eec2db85a2e4c22e6573b81187a8d723d7efa86c,0
5883237da4cfc50610b4b06089bf6a309574f033,0
4b223a60350630e7e4b318d627c764bb4f103faf,0
f5c3eead2dbf2e27439ea8e2b25f812ec827279e,0
ce6d2e012a7d041cdad8c6d28525d8057e135b02,0
a25b3473bac59f04bca35d692c0408638f13c9bf,0
0a7dfee5f1dd9b82674cb801ce17c068afdc7922,0
5f49eab3131ff2f3d9078527fd5d556671f461d9,0
2d12cf2d7a9635961cc3c46cfa7921da9c83d14c,0
5e558b8aa72c55b7edd88fd505b045074eabc09c,0
85fb49b1d108a7fd8a762b685dd0e6386f8e2ae3,0
3e84734047323cf67e0e4a756468983d2482fffc,0
0da36a75f8c0f173c6f7bed0278bb76ffb0510df,0
d1ecb963ed52f7a480817cb0dac0d7106bedbb4f,0
b7c8e86f2424365c5a1bb4824d3f9ddce741fc3b,0
8770d40be1b4e5260fa7c8f241fefed82e359d63,0
87863e4e80525b64d3ea025750dac5a49e7849ec,0
b610c3b0e3571bd93e7a7352204bdf1a01f55d7e,0
84ce5d25db7e83ad4103ea106a6f2256f618bc1c,0
81cdebf4826152fb4494ae0611621c5a8b49da1a,0
57817b058aa96d7ce8fedd6586f860696bc71279,0
22ee7dde70b663b2691af9d0ce6ee1b236664fd7,0
ed301edc4103e49769e8136335f57f8acd05eb69,0
411dd32a0d8f0743b401dba2e0ea3bbbe5e2385f,0
56b999ff5391bd6082edce9bdd2e2d882fde98d5,0
fc770710e16e40810782a61739dc242b841eb9d9,0
4bbc1524008a082b558fe5d6afacd09f8f69abd1,0
138746eb14d12c51a4e38b8676ce272d015c8795,0
5b2748e303435559ac7d90c5fdaef545647c9e54,0
d80e4f701b653b9e215f3caa96d245ac1d022811,0
0e1423f24707251d1df9f90ce2f72de0d7f5999e,0
8be49a74d6ed65abdb906d5995b0c2e184b18396,0
a221a1dd789ab6df8dbfd35d6e26e69b2cbc9ec9,0
a7719a1eedfe008283cb7b172516d8b4fea08113,0
6283a78c2aa083a3093f0f46d59e7b6c25452b38,0
952909336ec2e64b30be4357d6dceb2919a2fd00,0
019efb6465ed4549b235269cb4cc1653922d9891,0
d2c61fc207e226ef3a00aaef3a6e14567363f3ed,0
673349a575beb79e1ff25c129c6399277eba143b,0
be7367c6af3f6741dd3e991e821fe16933638b1b,0
29d168102556c119f62a3f28f5a3695fe93e9a96,0
4959db3a8011a0618410925982c04d9e69d2f13d,0
29acf46076c623c0ee2ccc00a24322f791697381,0
009d1d0a5faf8f56d6d6a5fb27454691131bd806,0
8b5ea8fdefa0ba9f6127dd27b5b5b756adc6c93b,0
60833dccde2ad584fdd48b41eeba6c47d6f32316,0
5b9bd2b7effb044875e43818e598a0791085fc80,0
21083eccdb5add92bc8eb52223eeebaa6872d44d,0
bcfb765174e9b8ccee202f937178e61e89100dfb,0
091f96ee10e3963faacd258c3f64417c7ad21e1c,0
2d74fe1ab1b0aa7619b27ea83c17922cd5ffd9d3,0
d300afee341908cd90a78f48e362690ad3f3a8eb,0
6020903e0c2bd461e00341c6ebe44fe5e76f0359,0
fe86ff30fcb1cba38dcaf4867b4c4e8de4195c34,0
4ee8988275e90e839767a762728a21c94919e8e8,0
8c7355d3c3f1a2bf0b86b36fd8b5953eb0b47831,0
a3992a341127dcc371af45531f532d01547392bb,0
f8b4fe0fa0a7ff41ad456191d8c887220baa325f,0
ef6e478b7831e43f475c47920c52a278e5359000,0
1fea002b502622c7ca949b9223084a5d714d2849,0
2ebdeabd300e2a01c81ec2347a90323ddfab65dd,0
44aec31369021f4a581ed954539711f641cc7732,0
7d6d92947b104cceaf6f721795c28443691b3093,0
75aefb63e6745dadffe051a8bab0c4a24dd1be9d,0
31857a5cfabcd44d6a3299a20f7455a72db13ae5,0
c7c184645fd39fa73e65662aa66f7fffad83e5b9,0
afee26bc506dceb17b1f7b6cb0c2398d211384fe,0
fcca6d595d99b42ec629b8b5e7e7c22e4a80fe8c,0
713b2c6f50bfb08a6e5667db1e0cc22072c1da48,0
eef5ab3b15bd27881461aabbe99d3398cb5758f1,0
108f897191ac318519fca628bdad254db853b6f7,0
2e501bbb12b6d2299f2336e6e839a968570e97a3,0
49bd2dd3e525097758cbbd7a037ad31afdb075f6,0
b1f6b6edd27364bc49ad6a41b9dab88968f5cc22,0
e10aaa202b1899badecf42ae0f723387bf6bf7d5,0
fcdeaaec90b73818809f69d4bf68347d7536a9bb,0
e4488f330c435e5d3a7c1456d173b6aac927c6d9,0
9ed8c34e74730400344f71c5b3d862bac1ce333c,0
9858526f1f579d92d65013d2e1ec3f96383a431b,0
d3c7e4780f257ce062347879b03b41160244be90,0
1597a10583071e688ecdc80948ae0d99893a6947,0
6efb076e68fd8c843c0337f3314af21e5be559d3,0
cd677cee0c027fbd87f13c3782cd300792704683,0
e149a8d8d00fd40f467f7f621f00d1e7ebb90411,0
c671673db96e286e2321d5babf05c767cb76a1ef,0
9d1195afab125a5fa66f2939be2503e7b94e6045,0
fed21b132df300fc039e8516a73cb1c7930fcec2,0
4354842828c7f9133238d11a6279960986d1bd5e,0
2b69370fcf758aaddf15e1b395539a8f4e2f5716,0
0d2dda0d35b8250275ff4ec18a1a11df770fb09e,0
8f418b2e628fb3dcca4467f26baf702acdc0c9fc,0
8763c1b88e3a2af3b316baecf8644be05b078ed3,0
74b59485b805bcd38f9f1d9cb8b7f54460ddcdd0,0
ffabf5f53ef74bc5f536c431fe2b59b1c8a10ff7,0
ff7722bc9ac179985c79d302e0ac9aa98c2570c9,0
12cfcf08fffc6e4ec597e0396016d09afdb89fa8,0
552b23d21e133b85a388a0fa5235c4fb4d4a818f,0
64350668a2c1a8d83f65cace8a5f0a41c1babae0,0
56ffeebf660a90482a5efee03b4eb3b30f1bbf75,0
ce9505bf0b1c689f74839c1c31cadbcc8b39e2f4,0
749c178790406cc3f5df9e00bc1b15f389def705,0
366a562546a3ebb70a2be088665e93eb319cec8e,0
cdc1d3a9383d2b32dcfb37b9cab8ab1a28d0eb80,0
6e4248cf1ee26c706cdb945f0a36fc1845e8b71a,0
c53918d6e2767e61c0ba5c2766deae3a1104ccc2,0
2be4a91b5918b781a36ce39e3661b5de2e047988,0
091c89150ac1bdbf91f5b4da7df41d673e55589a,0
60586e25cf018d677df6c06caf7e986c08bcc3f7,0
466ced7d024d70efc550830f9c86056c0641fbf3,0
540e19cfb668d33f1ff7cbea8ac4ba939c2559c5,0
f7ff940a29b45b54c595d958d1082b92ab21c33d,0
af22ceed1c754ed4169cca2c2343e63f995ba6c4,0
9ffa25af4b82693ae31810ff6b6ba94ceb2c27ff,0
3e3b82a036ea875c6a98c0a9fde52f8df9b1e4f6,0
67b777389bbb79b555d1b0db851212a7956f99a4,0
549d1d7627e90637918762a6a63f4140bb0bfe84,0
14ade933dd5c3acef2372adc8fb3ac96ed993f51,0
1db2f476c567aa7fb19abed86cb80f5ec9d5f1ed,0
b9822a70a1d1b46a12084ea0eccac876c628ea84,0
4bc922d0c3aa1b9ed7a3222319fa8a4375b504e4,0
423577d1f3ff7b1c0fd67aa44fefb706b00bfc72,0
0674872c164c247407ed2c9a29cade1722168e09,0
a1d69148c2cdf11a0ed0c4046f9c79f4ecdc686e,0
b7a49f46f666806e6c6b3f498ac2833f34e735b0,0
e84ccb6805c96ba0f4b084f7f2126828468313cd,0
ef6fbcf590016247e9ee2fac92148aa2edb0dac4,0
5516447dca26f637ddf5c8919ea25dd7ad07f4ce,0
f85892f1f94928c230ce679c739ef42316e790ce,0
4b509440bc2a66ced0213e9d7efe8f6f938bc857,0
966430ec363028d84d4b08113f2ae214f8313b8c,0
d5659559354fb58b4f228f4642b08eb30ffc4356,0
ada5e7197060db936ca6291c34ff41cb61f732f4,0
281b96b07832a026b332d6a5c021fbd9e223d986,0
c5f5760b7e0698c665019e8abbbbddb6e15239c5,0
992b42a1fe0c0791ea690db7057439400d0910e7,0
b3531c422d1e7a5dfbd149d6fddc43ba4e51ccef,0
1b461200ccbad9368846c140013ee3370df14749,0
9a60440612355290826a1fe57a5606ecc90ea142,0
3e4041649d121653f2b43922b3b584d9408c1100,0
7f7cf96407d31b6f9e5dc8ec56f43a3f04063d78,0
1d7573a0f8ad2a069d62a52c94aa8ae9605dbf2a,0
85900b7fd8faf51fad3a2410556bfe71b7c53896,0
56bfe47bc43ee16582a440cd9df7e7672e287b7d,0
44a8837e44fcdc861ee3263266a2355f90d8a644,0
ca435ae9778a345931337502678ed395d5feb3df,0
216cef6001d1630bd69ce6bfe2a5c4c64060a4be,0
b2fb7e185c6f50fa8906bc9b872bad8771dd281e,0
157d20dceaac735de1c6c9270a255b3b90f1d564,0
6976db2d3876ae7c164af09dd05b12cdf2ac2d62,0
a309dd8ef3f8a909409ce9dfd1ab26b0f187bf1e,0
9adefaa2cfb53fb7673a8e700fead334a8648c63,0
fb209dbba2dfc74ee3c4a800b574e2f67d08915e,0
e0f539c4383952611cb27cc90830ff84458e6450,0
4ceaede796358169d88ca3dc8bff265addd2982c,0
c34870e09ee4383bf90ab16a86809696b40a214f,0
728b6cde480fa6b04cfbea0959ca0ac8bfc37ed3,0
b76545b78904c1a5cbf96d962b2c735bf4225d59,0
cc97ce3e52770d69c6de9aa7f2be85fae69509f7,0
3dac6889c27acbe19ee435f502426e45452a5436,0
c4f4ded61596f8e076222efa1440c7f4b24316f7,0
4e8baf18d2bcfde488826b8c679f900b659ac997,0
18e99a8f198e5fd52e222ec80efad11f676105fc,0
728cb09d13b44451594803a9619619a12fc3c2ca,0
78d43511372349058e763692339260e71a7577d8,0
6d87ffab400b0e12c07a7d5fc0d576b007426778,0
1bf31af8b63954daed295ef778992a43f03b2da2,0
69c942269d690a390d5e1c7072aeff10988ac6ac,0
749922e90317c04b24b2df38657dbe7dd09e1bd8,0
09010da19b19d649e665bf026a015e323be5ba04,0
27a77e7b8719d4949c2c967a4fb061b427c68e49,0
632f491b62871436f150713f720a99be78d556ec,0
526ae59d909b91c650205cf1659cedb1e5e286b2,0
2ddc0694512702a086c68fd9e02c08c77867cd07,0
09e7a2af00efc69b73cad082f3498e5380272cb0,0
b633809d19eb22152a0320d24f616f353e5091fc,0
a4c9d786c8db0a7ce12ffa8990d4c619fd2db612,0
c7c42fffdf5b0b046e08eacfdc78bfdff5326225,0
42c1370b28735479c066886eceb556c6129eb5d0,0
e8438145505598c1a3048cf12a10ed2c63605288,0
fe3c9b7a0f2261688946b4b36915e8f8fe9b7428,0
daec343b7df89a70ed07bad526fa5cbe5b2bc0f5,0
f05f006b854db6586be87179efad30b9a3b37ff8,0
152588ab2313762cd61cbd54866340e7ad8fb588,0
d7b14caa5740721a1640ba88ba85713d103100ae,0
232be9a3b1bf0bc5c7cc8b61b2c2dda70fe29df4,0
0b1a529705ce990726733b240e4b41e90a69fdd1,0
456d07fce567564dd84fdb0941eec212aca4e3af,0
2b88a8489db2b53b0bc654feac77771e40b6e618,0
5b1f832a6a64474ffc2429403b087243dd9c8ac3,0
29e0025091f66d0f64780a6835be610f85367477,0
31282c0a4b1cc983540857add6c5e8e40e433f02,0
db1c9beec962426f91e998fb1e1e8a8222b494ce,0
9930da25609aa9d0e99a9630c5d320a5546b68d4,0
5ce4c528aecdeed00e0afb1e33666b350f886baf,0
c9c18f9c1ca5ce7067e0f3adf6c0c54f4875ff04,0
120f9ee886ca3fbaa3d66fef37c9c2d402ff8d67,0
ad6088c88d46f3c6ab03fc55ef457f3ecbbec7a6,0
f82a8bdc2b07db0f737651bcb20b72a41608f213,0
16e22e46efe08e70ba051e6e44598266cd56145c,0
832cbdb76ae5ff8709a910c25684c0d8cf3ddaef,0
7e958708373fb710dd726731543b2f696f383b99,0
c98a1699b0e8e71b5a8ef53889d4107f615a4f70,0
5054dfbb96c5994f1388ded5ec8e2c6ddbb5bd2c,0
e2e6e5194f91de749a76d9bbc744effce8adf612,0
37c5465898e87bd6bcc0fbc12db1aeba49d45997,0
8c772d56ee0221a05ccc5a28e73351bd963d7f3c,0
ce23a724d7b574acd0d2a024cd6d212cd8304cc4,0
6b7f4310e718a93c80bd48702db03658469094e9,0
f6146b725c3d0e7bf6ef487e23231c1e3cfe0658,0
43a1396988e25f6555420fe015baae3fb24a17d1,0
873119e7d899d17375a4059f9385e03bb77c23e7,0
eeec392a048451d752d6cd17277a06e8a9ff1635,0
2eef1176662f0f6453b1a0f684ca18b066ae93b8,0
bcb2cebac806ea46abf4fb09e414b312fc333c0e,0
7635969d8dee250ddcd0c5cd3b118e090feafdc0,0
54cb64ca1b9a05db079841254bcdfa4015784ef2,0
e5aac6970e043f7419af157a8d8717620d65c0b1,0
457a7235371847d3cff880b943ea204b1af95e61,0
94167768e75a7422732ef19c039511383adf8960,0
2c70ed756286b2adf81c55473077698d6d6d16a1,0
ba655809af5063cb4e6cdfd5995ea80f50803b94,0
70e42082a72236749af70b43382e65e35a0808fd,0
7c8a1483334d7b34e83e3ca4af4fa7e51466ea41,0
97d4f59f55395c83a68e2ba33df2dd82da56095e,0
065e8248bdff70d2deb3b86ce8ec49c1408c5154,0
67e267e0e26df6adf4f3a7ebac3b5c379bc8d7d8,0
283f8c828a7bd2359af20be7700cd6d6cd98a97b,0
94f37b14725336f13eb53f0a584a5eb9d2caeb77,0
e6459db01964a8c5360427555385e0ad3b98dec7,0
561b273ca855fe3549d95eb07b020a9058205579,0
342bc8e5120917150fc6981e60e83208edbe3a68,0
915c1b708780796f471bd3ab18004f2aa8b2c0da,0
5004e381b2faed6670572679d8d7822ef52a48a7,0
fee7329281da952edd9fff6b8a46033d4199e9ef,0
08e986a8aa250a2e2ba42813e58c69deb8e30f51,0
84d078e64cf7dd357ef3ceebcd3d252eefe7cf21,0
e54251dce961ee341329f2f3c10884a857116581,0
757e5a0ad615a8ae9074acf041a14ace1c5b401f,0
db8951e929b3c4aa3ef3c2234ea12a853ff4b5ea,0
e50f64f80d3decec117e66e85d4c1d0c4680ba57,0
37ebaff84d4e0c355ddcc5b3c27bf8c5c7c6ef6d,0
6699f4e509ad1ef2d4283e2d5d733382599ba74a,0
16dc9c205af266e223e56fd87ad56bdc5418b71c,0
2722df405fc7423676109e3c9ebcb7ba0e98d417,0
4c670d171590bd0dd001f3cfc0f83e26970f3c7a,0
47daee15795dc85c7eb1dc93b2982371857d7a92,0
b24e686f574229a72dcafaa6112f8a1bee84c6ee,0
f6cc395317924a375a7733d4b86dc20651e5a565,0
45b1409887cc41f4a1366b187efbf2bcfe086997,0
5b8c9f7a26ee9b1c447af7998a59127d240e9ec4,0
6101554faf7bb251f2e7a0567ddfc461e9de2ffd,0
fb5baf3b812f32f41f389c7d9748e9bc21e5a586,0
f46d03312ee62d1b3901900108bf6bebbb805def,0
03545993ce242a7908b136f8d983b939249663d6,0
afea2aad65fc1d7a96bb9341c22dc8a07250734f,0
841802066cecddabc39fe4a3fef2267f1f03de70,0
c56a024e702289ffacda7c650a8d857b76fb577e,0
3f28a593da41533fc3ce43fa440cc311e5e5298f,0
71b3aeb31c7aa5c3ba61e37f9b1950a2fe2289e2,0
2501a902429cf85bf76047ba4fcc1fe5069dae05,0
72d18f87f9e0ce0f8076876f5623a0afc27260a9,0
13f6901c2412ad7064f4a87fc8b428b7e71d1d2b,0
d02badb2967328e738118057731888a6778d9981,0
3d822138b5e836d9011f4e0b6a68cadceb7b5f5b,0
215b84c41ec93d77dbe47012bbe342fb6af7b382,0
ba5f02060001052284ce61dc283f1972886d396e,0
e570ce5bdb571db9b1a0d433ed8f9d54f9da4486,0
5b6d27b08f5bd7de7508aaeed7801509dca2273c,0
eebe5fa1c06368daa8a4aaa40a16fc592a40004f,0
c623d0aead338a103e8aee72e7e3daa88a7ffdea,0
c57a036dc3e116f5a397bd6a97da77dd6b503a83,0
053c3520faed0b10eb8c54ae80d4630c9b7c1595,0
60301274df94a8b32d85e7380de863762fc66c6b,0
cf85d9f6e6fb68f7ca6cfd59b8fa4c6245e682bd,0
ec40c3c1977e2d48c0a0ba88851d396194de271b,0
d20f5270623d7740192300b60740ab505a190605,0
f843f6fd076ae0a2d2cb1ffc56cc3fbd18de7ad9,0
2afa2b45592a259d5acb76ca25e8f6ed95ce57d9,0
cbb95aab0be6373f32c86412eda09b47fdacccff,0
192fb40ed68916cea1a312ad8d02eaf8b86b547f,0
1e21b7d0225bb72d5dd9a956d720a469dddded77,0
1bbc5978e8a5a7c225b9134b102d52608a99878d,0
7bea4fe875d852fa2258341f8dfc1851af97e367,0
4df8e313bfcf69612f6c65a228f0737e7c94d5df,0
804c19c4f781604920123dd364a2ae8f6c7b3cba,0
dcaae91adeba2d206983edf3183f95d3341e1cee,0
e87d66b81e4c1c6d3d41882d6e0fa120c8aa33f5,0
3eb2a25d55019788c5a6fbd0c1a7f9a9b6b43b72,0
d645af686df80564a0144a6e0f98d65b748855f1,0
dadde981900c5a0c86847f11bab6966a0b0b5f36,0
ad79dc4101afd796e6f47342838a40102552e610,0
efcbe8209591acb95265f92a25fd083632e4d1b1,0
4c3dc1b74836f40c3a1b8b5d320b6cb14e39506c,0
3555d2d597e9ea0ccd478cb5bbd5de72ff9dafb8,0
cee2df66f099b97ed7de3db810ce722c8e697fae,0
5811344b04b88b720460d3a72397bf18e50f21a9,0
f56c4d62547bd9b11591ee306d26827030fdc4a3,0
9ec2f2860e2a82bd8c856732e050db73c61ece40,0
ea16c6ebfe6b79ce2f0e1aa1757f5eec3155732c,0
8533abfc4107e9b43e5dfeaa5f13d466eb5bb621,0
2cd566b81703208d00944cebf59d2d5bb123f345,0
97c958956818fc113f9eda05d7019349547d6218,0
8d0889252c86193107ff2ac91f10290b0c221143,0
a1941d13479e03d49482f25c0e938c44dcb349e6,0
98ce943cf6db4384790b7a2c41027fa8b4c52afb,0
e68575506b922266574fcc8acc849ce1e557cafb,0
cd4726984f67428ee1d1cf00f8374c925706b6e9,0
8df29cee95a5955f81f94296a0121421dd0b4b2d,0
ac6721eb694786e032f5b1f3835ef33708c41843,0
faa662844fc930cbe114a2c9d26260a3a6086f97,0
3751183addc5b0cad3db9a66bbf3b05776b53815,0
0dc4a16fa38611ede5c436ad85acc14f79952be8,0
f56036523cb52363e4ddc5eaefdc339beb99898e,0
5440a7562b4a53658a17592b5b1ec16f88df5484,0
c1f02a1df5376c3d856c1c03a0c7023bfded0b29,0
045142819a3835586f51e0164ef2c6c34d346606,0
485f90e445382a3cfc69448b6eb90cc8551114f4,0
3076d445935755cc1f596a01aae07eefcbd56a1f,0
68b05db12e155cdae64dc4129676ccaf660d96d1,0
edc3965d1a5ff63abeb081e4501fe8262f1bd0bf,0
e4611af52b8aed2dc5af6b7dccb9e6e7551bc077,0
8f446f8d0cf00ac126aa98d03d1b2b79f21c787f,0
0e3a0a931421f105d6d07cf23740737f1b4077bd,0
8895bd2f8cf68c9e0aca681abd64b81930ad5663,0
e643f77747aae6a7db366504d399ac976959c506,0
bcae4f014abbf424bc00235101df508186634187,0
5bded4caae09509298c613ae9e4cad0a4558d039,0
19b6640be2ec1e331b1d676ad1416f32dc5bb34f,0
96c374a162d1cafc33a06b1782e0e0f5ee49b081,0
6299bcdaa76cc65048312fa016862cf55560170b,0
354e89a57e27909148b6cea84653fb0c9eab6db4,0
ff0f1b909af8ca60dba8fdbbd13cb936d66fd2b8,0
c66d4fc74ee76fcbb6c1494ae0dbb95d5bb4179f,0
c8598a912636278b446fcf0f5ffe8d822bda1315,0
7fb70434eb2644aca6143d5e25c43afe3903d267,0
f255ac6d7c7a47e117ee1c0748468b454e305a56,0
f5e7fb1d0b70aab17ae0bd3523faa2088da5e664,0
486719724dd64448345fa01d1da20127e9b9091f,0
6f10517a08499525d0732ef9ffe47cff49ad499a,0
7f593693094bb85954792b179b28ae368dee446e,0
d06424f11601e0389ed3d0b5d8f841a1a4d50a4f,0
7b2bdcea91c8db88f572bfb495619356ed9a8ed5,0
e8c348af4a3ba893cbf20231c6e5a29bae170aee,0
bac77f2026d9776bd462928443ea7dcedceb7458,0
b05388b5e5d755ca8c0f74a0fccfcc22dbe2a4fa,0
f90daed529a5967d4626c5499589b7293aedeb13,0
58b127de3fa98957fcc9c4d085fc54af5b39565d,0
61ca36599d3bdedb89221508c16e888f3e9e107d,0
38e269322b2e88d8c52f9aeb1db01ffbcecdcd13,0
013958a3d3c26967da9e859818f2765b9de35d04,0
ae08316414b241c7dc84a9e59e9b1f126fb9941b,0
8af890b8f809321456c47df8dce7e1d941356a1f,0
b7735544ee26de86a23eb0c2b855bc6ee8b18ec2,0
fafe95b9050ac01b29274221e58f42311aad1ba2,0
3f4469f7f2c44eb645106baf387dd7f4622b8615,0
800af538619e7bf1e66384b880c2e80b34d1adbd,0
914d717530299afb0aba539e890aa3779191fd59,0
0df25d7d14fbbb4283623e2986dced57adac56c1,0
4a681f3c5d1e73a0d9b76598ad2755396213e851,0
fd3f4b89e1f23b4ef76ed8807333104b3125f0a5,0
182db5c2af0c7459296744afb840ae57c8310451,0
3ed6ed8c02a0ed20b3c9220e92dde8d1c9c0e383,0
be128ce47d82b9154bf606a4220c3a61a60fbe1f,0
4b2a7701b1e94b0fbcd09c794941081ec59ce1e5,0
2ba167652b786eb9cefe5f3ac235cbf2f2defc27,0
11250ebd61ba9173b172ab253f5634ba19fad205,0
92ab67cbad4e148c4ed97bba713e7b320a4412f9,0
41b123254c49c2ab29cad344eee8f7978dfce0f7,0
c46a62d72f3aab16fbfae1dfcb5a2cfc09d3a590,0
c057b82a5deba8b57c47503f751d2f067e2800a3,0
a185f0392f6789a9b1bbef2d459117cede62e83e,0
c795a71b68df2ed4401bb02a36dd938e336e818b,0
fc1981aa0ee83d6e83e588b6dd2f2c10977aaf83,0
c18ad646a55a0ea3819793cb15830321ed4ab160,0
6d14ff6cacc32ce95148d9208e82a3836694a218,0
0541926064c7adb62e784e146cd0e8f901b82299,0
7a36c0fbfa2cbc381f10a2c67e224935c27eb54c,0
a30d71c824af2c292e97ea2307e6aa99f1837d1a,0
f5071e48bfbf73d694e7493e4bd506fef6c51782,0
3bd26f8c6b3ed892e0e27747bb5fce1db360ffc1,0
a9aa6a82a4131e5634a9e937c7a89a58b7f5af4d,0
f926fe46eee4aeedc241cfb5ada026356432414f,0
62e4ea6d2c2343ac4b672b0011b7c4328b2631b4,0
96406317e48cdb290604b58ab3ea6490512f5d7e,0
4fa0f6c103ae53d2cb5988303b99da35cf7d9dc9,0
e46d22766e348926340570d54881b82a178045a0,0
734d6332aad0f0fcaa0237a67991daeda7b6f609,0
2a99e0920b29cd6baa36dd12c8c24193c0e76f75,0
d3289c73ee5f053dc99ccb8546624017e83cca8b,0
589866e7e5e09513a6ef9617c1758623a1de8ddc,0
6a1008ee103b0f18609ebc7a96592b2c5fb7076f,0
f50be63ee1b3b511df53ed78583205aa37f90d61,0
63047d39ba21f0507eadb11262467624ededb9eb,0
dae00ddec846ff5b9a7473d220e0f252f4b40c82,0
78a4c3c46e741e1eb64899e6ee9fb913318791e1,0
e0852fd12e2ac4afc7540eb78840c4a11cfa2e29,0
eb03bf18ef9cb590f7afdda9e6a03b610f00a970,0
f3a8efb9d060c012bd6199bfb154c0f6a85256a2,0
09dc3b73d86786c399a99a58f7891cbf4677fa1d,0
30923668d17fed5fc259c5f034b69308a0fb1438,0
5cc32e6983069a1c37fbb5967412bfa11bd51a53,0
428acaded3378452f327c92ace8a8c3cc84bd78b,0
964cb61f265e2e2b25bc59d1d7cec267f40d3ffc,0
d1c3e06c4aafbe3f33bc295dbcdd77df65baaccb,0
7a9415519ad995c979342fa857e647c48b007a6f,0
de0ff1a55f8ef81c6459baa0ec6a1f03d0375d91,0
6d6232479d166db9e25823550797328d3ca8acfd,0
99ab47d8efc160140c95db9e4c2d12934dca6200,0
f3fe438dbb4ace7e5a4182312bdf13ea767525dc,0
31e7ac07d55328bd1d3baaa7893d1097047a37d6,0
81c622d8bf9504bd572283d3265e7b068df4c710,0
025ed739edd9c2e1ea457b3254d739236400a992,0
8622fe6336ff84e83790a310d9dd4ded8d6a64ef,0
856b65e31549711f07ccae3728b5c71ba95f7be4,0
9ed76be700a43991de642447f3a7460b0f721612,0
f5c249ba91c22ec580fd16f4e71b68e7c57c5e1c,0
7a8fab3a492f92c3c7387f3aa97bb53c4fac2451,0
d1105fd4f22ca7b150b28b247bb4b88419a3601b,0
d98ec3b059593d2022c553c4a01280ba07f6af23,0
3490bd62b694a51d9837288ab919dbc027b2d8f9,0
fe1923bb91416dc7d2888fd7bbd415046dc91fcc,0
7ed2bd2e8b99ad79f2f22bb5b07e3eb461705507,0
e445cf5181f2e91e8ad04c1a5da26791584a53a5,0
b680a69533bf444e5099c41c09ce54a14b4782b4,0
1693e8678ba5527277147000462fc4e55866853e,0
6da8236354d7d1945e7e4419dd90653b3f755a6e,0
4af3fde28d7523e081bc21d740b43665692cc547,0
948681b8530eaf2c642e1f6e8c78fcae1d90de63,0
c3c585fa8ef5a370bef4fd9d39670e4630500a5a,0
4b499ac1b4fd138e86923b7015d0ff20d6adee28,0
751964ab98cdaf01f1177d299e51a6cfd8476431,0
de15a34dc8950c65d4e7d50119d2be1364b57a60,0
180026b4f4605facb3e46e56aa31e9e088a02631,0
5c1f5c7b2824da01840f234c25b06330783357fa,0
92dc4453808b49cae210e95e2d3a5b1780f7bf09,0
73b0441e089d60ef3942119b3ed1adc3f80c81bd,0
f4f5dbc08c014da10ecf151ad6f0b9a7985fc572,0
c13159d083563e9fcae23c916c672339c389007f,0
62328bde5a7d4d2dde89af12db21219e33a4a648,0
5c5a7310abed490f6a2f1f197a7038d4bf37a543,0
d840509590f49faf9145d027c3c544deb1f7f279,0
081a04cfba74952b06fe6ed92a1a34833bc7ad58,0
0c496a080bf2536a8b04d42097ba4bcf62de1dd4,0
0186082cc006c2c804fcda289dc10a18a67d6d86,0
60a36aec3ed297b606d89cb5bdd91571812b4303,0
233a657c928a26f4e75fe40c77f64ef7d112b86e,0
0dc9280e94ced62ebe6f5206616540764d6afe2f,0
2302082b337cdf3948ed7d43051ec21b60fb1618,0
aae1c23f32af9de8ac0d55b95a74deff8d2e42cc,0
52ecea1e1e3c24a57fbb9be0a5ab728180c62e09,0
7f548a8cdae026d87acc140c342d47009a143d33,0
72658bb425a0542711334cbe599928de14c4c185,0
7ea6d8b113bc4e3e02c982ce2ad77249beada007,0
21160f88645298756f317dc13312c860ee0bd76d,0
e85309d373a68650fa0d4eae73bbfb1f5121c9c0,0
cd44f23dbb572bf5d08e169224f268f39de5ed9b,0
36d01334ab8cb2127ff59ecac7cbfb17b3babf74,0
31a410365282e05a491d7ede075315514db7587d,0
e8a012377cfc2642a9ae6105adeb1935dfdac09e,0
6b651994406ecbead31d2f9f3bb255ba22ec7c34,0
e7a858c2bdb7844e4c2174180cec2dcc53be5b78,0
81337c3911d15169b9079cb2fe027e37b3cde16c,0
a2f0c639f3af9a8f1546f5adf6c7e727603079fe,0
30763980f9b31f434d3ec82ec726e89a410d129f,0
ceeed43c79bae4316297e3ac3a56a533c799487a,0
266f140fa876890e51b7e0aba37cd66b4173e178,0
4ee5a66bd6a1993eb1d02a89aada556734c52bda,0
13ee3b3ecfb9657589b05ac07e37fb5f7422fad4,0
a68a39d321f20bc79d1628f60468346d5f5c5458,0
7e40e850016a5aa807b3ad641046d647a5f6207c,0
ed0e50d608561686343b996aa686cd14c16baa8c,0
7802e4dc55e87697ef3af10090312cbf3295f415,0
25c476442219912950d4b2b1ed07c3b55d29f230,0
b14a732d6f8605ce088c670b4923c976834f79ed,0
e4431e60a42a8e634982ba84c1479be2d6e2d999,0
597bc9e7665cc08ef2afa66e37bda0ba5feda548,0
d248d8b2ffa5bc470438b3fa6c6d17a36e263027,0
737e70ca1ffffb56bad1d7767111a22accd138c9,0
221ddb4fe136e800d27f67126f88521adcb99b00,0
8dc841ea11097825da5b27f5b2fb0e6d2181cd23,0
2db09750f157432989309da930c56619671dee0c,0
5a2cce3163f441390ef6d97fef25e4ad9687af34,0
15c47ee6804be03ce01acb2b0e42ec41ef40179a,0
450f7fae48c67ce6fdb91f7d9d02eba2ed60d4fb,0
c9f60810cf026f000acd77a97eaff31821d018a3,0
178449b8ccebe2892cbc9e7b0136bdda3c7a4a6e,0
1b3a51df34426ba789d9ada42cb493b89cfb62c5,0
67579cce404b347e7e0088beb7f90764da0b5bd6,0
b409838b43f3cd87da51418805e4b7e69926e47d,0
92f22d68c053e06e7de0234d31e8095bc19ac760,0
c6ecf742f2396e138c5e031780d64c2991e203b5,0
e001bc80f14a836b320b415abdd34882a9aea0cb,0
4cc27823899e070268b906ca677ee838d07cf67a,0
55956ee61970398d45d0171763f4d46b76a1910a,0
05c77cadd7ae366cb1e6d09d9bf44c0939ae2c51,0
449105a615c8afad03ad6556fc7259beeeab579f,0
0a985dfefb286a98dbf8f622d968a804c376dfa3,0
e533d70fe103911f4c81c64ebfeb463299c1b9bc,0
417cc6a6903afe2a5ecea519c28cc920584e4286,0
9c60ed2473b7bea665a5726ea4c912670d9d65c1,0
162fa860dca0f7726b6a1896eff5164b316e8ce0,0
49f1beaadaae6e62302cbc96a2a077dc7601c30b,0
0c2ae2a804dae76a991be48a6ea493e16432d809,0
1766e53dbb75664ac9de7ffb5133800ff13c7816,0
cdf4efe3dd5d1718acf96bf844bd32c3e81ffce9,0
c6535beda35741ad1bbc3ad894aa7edad8ef483a,0
800974edc3b6fc0cb94dafe4aa238c1caea189e2,0
f77ced89e76d5f3b15f14b6cb7ee13e5c785e0bf,0
bc0f112313efded6fe63b39442a8fbc4470678c5,0
463791458886012702cf94ca4164376434259932,0
714394efe3a4fc4aa8eac02f4de5823dad561fc0,0
f2311ccaadabe243e3f4a48f29cf7e3fb04a706c,0
759fb306d8001284075a0527cce03b55c8e7aa4e,0
1fb78df714eba88d185cd63f0a459870182c0939,0
f250fb1d208bff46923ade3a3e521c81e99123d4,0
7bb1250a841884c1362480848724998b1009c55c,0
b5bdda40732e743a532c115d74b860c995878e76,0
e18300e525d847c3872551fca217f8de96c620e4,0
a40e705b5e68c34ddc194b2d5f6ad555785f7d75,0
22b024abd86ba6d5c105bf6d1ab9618d53793ea3,0
91566715427817ae70ec386ae0d283015d5a73ee,0
93d13598d51e67ac18c26ac9d5b8a09a45d95769,0
aaa695b07aa9b9aa3c9b3934a83d5c1357ed1ab6,0
9a8adef6171488c23553eedc57cad5d1385595eb,0
c2f7c7a31f22fd026eff35701174811428327704,0
ec5ba5d3827a794e1f3d0eff8d9691edaeb96b9f,0
a16360a61f035c60b93e11ab8578c02a570fcec3,0
1ebc68400d1239d9cb0a289e0fb200682a8717d3,0
9c573d3484969f61e76578e97f78956f7f689bb1,0
709cfd2248a0262534384c1d642f7ff68f74579b,0
ce72c83c134dc1c138b92a0f731a0ef42a9ad3f1,0
db729c730207d2faf25d9b0207405d130f80a553,0
da54e90ddaa01c02a68fda8dc08004c97cb4aa2b,0
33dc920f47fd46e3bdb924d572aa975188d9fe8c,0
7a6038c97eb8fe1578bc33b73f4f88904639988f,0
78ae5617125a97a888cc38aa96c71d63f0daf511,0
e2848831fea510afbf2922ef0ad72285b9af9594,0
08ddf7ad0a257c1b27b5fdb8e32fcd40b4dbdad1,0
4f6af33ff1557c2d1469c6c2a3b79cfa25293bc9,0
21857e40fab155e71de4e53ccd8c05b2796964f0,0
a01e89c88536bc78eb8b5ef183c1767191c6c349,0
c0954b0bd41c10714a748cba671b09c231fed54d,0
a8d21435e3bfda77953c44d6790909baf33d0984,0
e172ca33e2ab5f97b08ec96bc6d138ba021a3f02,0
4cd394061b68c955d399a996f879d04e927d1bdb,0
45e94836343f10f2a21569dc1f10a7063efacf98,0
73faf3469d4dcefb832794de825c6951cfdbb0bc,0
0583afb6ea5b30b82da08168cd7e8d3bc1cfebbd,0
aeaabea3c29b0b00dfd59c89a4b478db1e5e5285,0
fab9366f041fb4c7b7357d983a354fd981bc9506,0
4d4d063b67c33a9d86390939165c6b82314b4be0,0
d8afd98367ffcb4f1f761be58a775893c6debe85,0
1ee7b9348bef4480fdc8b154bdd9bc2f023072d6,0
14716ce0e07aa73bca54b5037bbcb6cf92b9cedb,0
9246096892038638fb77d36ddd0227c3b31cdd62,0
f64affc4aac9647d25a1349674c9e51e5e325e8e,0
28d4b317686fba2e667fb700df378c98e0276841,0
a4099762df4f72c71f30dee739d4734aa2bd552d,0
3d0e7ed0024fa3469321aa78c5a9dea1abc8d0a4,0
eb0229b1a57407e68add07e8fdeea42e4e096fed,0
abea15ba1280807f2e9309e3ecba94e0fc0dc327,0
84cabd2d8e25668b5a55233059f26ba2c915a53c,0
0711be659cfd3a3e8219671595de57546d230239,0
aa06756e7d94baea79fdc0f3fc9d586c07bffc26,0
8446105e2811ed6b71ed88929dd72f3763a5df10,0
71cc1a7e741f06ce26f342ba8de61110286189b9,0
6566335ac9d63241907a0203e8fa9a754290b2d2,0
70bfc1c0bfff2fa2bde109c9978cf2d0ec6452f0,0
486963fd637ed4dae1351c063d2b24abb8e540f8,0
db07c9c00086867961de8aac642148ecc1264828,0
2fe8b2ccec2d86ba0886da5d69a8ef4386e46ade,0
e8a57f3e7d96328d33c23c6a967b9fdb01f5c208,0
784ba42de379f4bb3176e4d6ad9e7f5ec7311e3d,0
e36e2ce21d17127fbbc7f83ec0c1b60a492cc20b,0
304fb8e689fb63b6b5bd443811723686e54cf6c4,0
5dabbd21a3457dfb77786d13ba24721080795570,0
590d5c67a82d9d0dc25fa40bad90a1e9afd0d4d6,0
94d90f41b2e5b9883cd36860f27bf87e59d86d19,0
0b9b299354762554e3353e23f21455fef62e7257,0
783e43fa9faff5c57e4a90762f827229a13f5b90,0
4b2a68427f75345be72a648045c22b24de6dd797,0
aa69bb4dcd8909d02ed5fe2479f4cec0d607bd86,0
31ef7748845ab6f07a5f2fec4f35747470c47583,0
a6e278109d9e2ebe5ff78dd9a925e6f5fb6a537a,0
42b3eabb308df0c4da640ee2f6654f0a37181138,0
18eaeae9c3f0697775bc0aad3566e9f051070112,0
a6a14bb3e880d166560990fbc0f4072d34803ecd,0
833a2c15b01c91f7d58f29a8e23f14111a16a4b7,0
2beaed5d991f17cc239cf9baaad542ad0647af28,0
8fcc6f170adfc894b08f7f3d0348535dd215f67c,0
4a4e4ce638e0f61e300cb35d62fc0c6a0d583424,0
90fc6a8f23b9bdce4a21f56a5d4434587e5609b8,0
2f671d96fd8591fa4d549806f05a502cc54f0f08,0
a7318563b9124ed2d530fea4f685d00020a5f604,0
23394f444cc73d6b01af5a8109f79c156a26607c,0
c88a8745d62c882433bdf43c6aae8c0f903f7cb1,0
fb9686170c7f093cc74ecdcd6bafe92b15dd35f0,0
362dde91431868c05cb27d7818e0b19b948bf53e,0
edc7c040a12e49d1e1d4a6a6aad84cb1c074c094,0
3db98e0108207390ac8e59abf3716f8699ccc3fd,0
23421a38578d8d4a09c40c11cccbb25ac8ac6326,0
1aa89da70c11d041738adb6c5bc2659672c1ed9b,0
8dca7c2b2fc5e0d7a25cba10b41342e4447af810,0
e1c94991838feb897f2623b7758b181629f55510,0
05181a29e73f976201964bc5476f8091d27300e8,0
1c9670644a2550079a24ef7b55dbaa920b86714e,0
56111a692a985a9a1cdfdc350af36ec1da8fc5fd,0
0397f6a8882d700c8d33853f02874799cecbbe7e,0
8fd774b63cbfcdddda7fe9dca30705fa28516e38,0
81465df06176b084d73b244d7940ca70a1ac695e,0
62b423b15f16a63b66a7bfdb442b4e7bc0c8781c,0
7e26c33fb3aa7f038a37e1d308254ff005b9087e,0
6bf1ff261868e20256a66601060dd191f33c01e6,0
0fda557c3902893b376eebbd35e07da9615a1fe0,0
a33316105097ab65e6bc5eb17b15ad0781500c38,0
e72025e6060cdc4dc92ad302c412bbaa10a0e43f,0
74e662639dfa8cac1bcd3b541206856263223017,0
c49841f7191f55034198f52ffd430c868020dcd7,0
531f038c4f890f0aa96a60d761bd834f4df13f90,0
59e77192475f4893057ca43c4c5dc0b28e20ea61,0
73593abb14b37e257227245052381cdefcb027ec,0
f358acd1699f96f21baf6003fcba75c2196a8b94,0
d3792903cfa2f2de282aace47a442b26d5e86c00,0
f786ddb6c77dd1501194e23605b6e1eb8c96f41b,0
00edcb7d39c434a3a0629262bc9e67774330db25,0
49b0ef1e914369678dd7001ad78f88fac4c1802a,0
aa768c71910ab27ed8fd228e2425be24eb2b1ff0,0
538144cb4fbe448f77936aa474c58a2b04e93948,0
2e8b662a0a56f726caab1c47c2b85a692094d534,0
9c1e66830d049f1892548086f94693e0c5f4548f,0
9dc368ade0a14fe90dbb6c2534b06dd7aa87d9da,0
0ceec122ae411de0b273743063edf3a7623dcf89,0
98e9503120f43ea96c824429a95edc9577d1d5a4,0
0b456ba7a7e7817a27b757e7774f9a2d9ca720c3,0
3d26cb0eb67312af61707c43bd4173f0f7c4f230,0
26bcd2591ec7aae0d03361ede55c2862799128b9,0
e2cdb63739baac977720d65fec9c1c7b1d29af86,0
6c9d4f4d4b7b2e5d98c2c6a5cc89803b09324137,0
938a1ff0ecc82f3994824b900872dcca6e41fa78,0
62e7bd1c9f46652bdd90041e53d7186192a984c3,0
eb0fb1c922a86a386fa5fe85e9b2a24be61ea1c5,0
48bb2db6fbc3c7a5bedee0cd5d60e85c12324feb,0
f239cf14763d7feb17fe66e82a27aed7a579f506,0
149c60c42e81f043bf4ac5cc5abb95d7fa1eb087,0
85ed30bd145e02b9c02deca16473e103b40de13d,0
a1689af8ce741306430fbeaf20589a591eaecaad,0
1c5106c6bff9faf73654282d7727f1af3f1186a3,0
a4d180680fef99eb440a9d340b011fc42005ac78,0
ed1e3421f01b1fc5a956ffc1595dec2624f92fd0,0
b31ba4c83cf22c31231b179b529f4b0b82c1940e,0
d35f2f7675d84991168bd1276cef44a88defc63e,0
85695a624a68d45cbf5276d6155dfdefddbd7b09,0
cf5af9975d20c4ee9635fb575bff220abb0643aa,0
3ff6f80d69b95285dcbaee27309feee466cce6a0,0
5cf277ef5d5657dc972116c9811ae43fd59f18a7,0
56cfe4c25f59931328f9c8335077f48b7133dba8,0
8f45a56cee1af71af03f3652a533cb55080d10e0,0
ff2d0af6cb62765ebecbd7b81c70b47096b2aff7,0
62b44b5ec46ae97fbabb02c51ffd1c27e5e81b82,0
0222a38bc8e73c636cb69460de27ee001aa7d501,0
2f79ba80b5988f05f372a314d547616fc75fc916,0
39b3f18392c302b2fa05b5c1ea195f78f7c2dab9,0
2ef30515cf7fccd54782baa672985717637c501d,0
95fbbd8d278b59e04f3733d3a3fc239f42c938fd,0
22d8be1cf59804a8c39881e06da8f96f203304bc,0
bb88a667a6b75e6635bf48b2ecca4274bb0c2b68,0
e6c430a37c1f72d2b145c3f1c031577ce8724867,0
3f1685681711e16de9552ae9cc03060de9d59993,0
c61a6e27e518de877154f4e96b030d173bf47a31,0
a121a583706aebf96f82aaa404508a5e47d59579,0
0ca4811f5a0809e46f4e17457c83aec8e38490dd,0
41ca9b3d01353caf7e0fbea499df071a4d52f387,0
8d5f6ca44f096897c0956d0285925922f0ba5a46,0
5b6172385fc54786b27101df205596229e0667cd,0
33f7a6d6c8e5e6685f08cbd8371d56fa046f467e,0
c666c50bbf433230749914acdc941cb321713fbc,0
30b587effb2a59e5cbf887600d1b4e195aa35377,0
92ac53a0a301fdaafb47aaac926a62a9fa40eda1,0
d7328a07d7d293deb5ce62a60c2ce6029104ebad,0
41515d4f0958a23d4a925ac4bf0329454f9ede1f,0
4f9b578980b5db22a8a418765ddcbf98bf191d97,0
5ff25379f5eefce2065179cf607c6002b28fef2d,0
ea253a63730ab067d1fb841d40f9d3b0479a96b7,0
c75bda95cc200daabef94ac4d000ebe20917b989,0
2baf370c0a4dae4a934b3eefb8a2580dcb50649c,0
b4b720bbfe373b41797c40d98861bb3cc2550674,0
7fa2267d94367c44ed663b4a88572ef8b81d9ee2,0
106d0761c06ac39bdc16d139d356eebc83a8ff62,0
c73d594ccc91a0647acfae324f53c2fab45547c3,0
14cb0179e462b775021d8c1ba9dcc680a4218095,0
08765e5c94ce6031c1d2287585f3baa5f12e655a,0
bf336e828088d414f075fde952570d3fc5a188e8,0
7c2fce4a118304f4b9ebc5b63b67bdecd7283839,0
37578399efe6cc63b1a951daf5150ba5778a00b5,0
0ea3db080a7069c4b023dc848accdb4aaf668859,0
ccbb6885b91ecca2a330e00723baa755d4a42f96,0
8115db95a02d90088caee2782c045338f037cc90,0
30dfcf3241e14c24b708df993c65d6a48d6271d5,0
1a3e292e1d4dc8295f7832ce3995c32826adca8d,0
fb2317342bc13ac68fc6c5ab1e69236961e788ae,0
922030000c53503e01aaaec57565493e8fe43e22,0
3f25462d58c0d0c8b36e34dfdc61f19085383a28,0
23c83331bc21d67993e441b2d2a0c1f2852ce400,0
dfc538ce4eec42e431f50556fe10651514489866,0
9f8a7d55ca47f2c405fa4abc67c4636533f7704e,0
a7c10a97f44b3b73abd7ee4eaaf8d74f9469ea87,0
fad6cd0e46bf2ec10f58dc0335b80e12ecf9f16e,0
25c1833e2f583ef082be8a9a7ea386cd9dd76624,0
2dbbf5c6d24715484f43f30dbc7e69425906ac7b,0
81dbaddc5324f5703aa73823677680eb89d89158,0
fac7f995b092f9b8b72d0c22f2de4c918bcf2e33,0
22d5a5a9e1be48fd03feed377096d821935344d0,0
d69ddeb1a2a47508355ea1a6bc2495ac921d5e4f,0
4603595e1c07d0ad659f020bbd5071e48c955d91,0
2c21956d95fae9812e6307aff6a021eb2cb63898,0
c5c2bbc8ccdc7f12914f2bd820b911833fffc696,0
bf85d9079e4198d6253917643da4892d8cfca667,0
ec8855dcfd756e64563507f2238646ffb7900af5,0
f5b3111059aa5c637e9c307881f5e84c5e8ce3ed,0
fd7411540598d9292a4306c5743ccab14f63beba,0
de63518c3b9ece56b61d8edbf505e5c85a34f3e3,0
d5aacf54e621e81acf32f062be3090aa5921f192,0
73bcdfae568c3157cfe0f89d47282eeeb9890e44,0
dd87ac0747e18ed54002b71e47a94ca9715f8207,0
86c5536268d0681a16d19fd125e81c14e2cbaa46,0
44b3c4f795854252328c1b0994deeb3fa164ad3e,0
f669982f9d63da8d2983eb962cfe09a41bb7fefa,0
2b92ff77a749ba0ea5a6a6894ba111d69a72084a,0
c53e01afa445e7f4258a38129d9d297535d8e229,0
54a39cad841b80adbcef87b6939d793180973242,0
9a139dfa4ec97fe15844c4032308a3f62cb2177b,0
7c6effa44eddc961d6279d407d9d22510b1f3107,0
d771a84dbfa002cb0fc74ed1d9708d58039ffe78,0
348083128dfe74f041decd5175302d42fd22965d,0
12194873838e03a5288742c6a15fcf0d7c4e9a72,0
765451e7a891e038072b56366f3c9cb7a5e6a99b,0
17e80c8f32e240e4456befc67705f50d817182f4,0
2077d6be0ab4dd30aa716d1ea7b5ad2a727b8d0d,0
b959689cb5fe25df6801f667422cd87dfc43368c,0
36bd8c3498da16fcf76543b10c6403aa59bb1eb4,0
8bac64d758081915ef6a7f24395b125a66e6a32c,0
0056a24d669e2f9f083f3f0e8d9a04d1da01dcb2,0
731b9cbe4854d8772b441b877ca076dfa4e42759,0
9deb01664f68f189852fbe752d66632f2665120d,0
a78ffd288b8e9507aec15ec091353c54cda7cccc,0
ea0ad8f0608c649e950da960b58920f9b0ea9a0b,0
1184290ddd8193558cf9932fee36b7d550554279,0
079cf5a7859f03096c1458d8c21e11f7e865ace2,0
3e02088a5dc2093ca0a7abe5e88872230f19fca0,0
4b2af278e657ab6190e887d70e90e4c086776fd7,0
653ccad28dc0a0924ba15c0eb6c7963b84b80d36,0
a1b7278e319a882aed7401e02ce83cbc502e9c63,0
6d971f78380597436f553548630f2d898c6cef22,0
d0347a90cff256c083db5aac769a3c8a6ed4fd4e,0
cb43a0b5a09826472aef2d8f33881dd0f3c7911f,0
c42ef535782160c9ea42d9cee6e13c0cedd8794f,0
6a0165dc37306f60e366e79b8dedeaa97a6d96b0,0
e203d68bc4959a3421d2bb722d828fc579b5c8f6,0
005ffe14d80c9cfbc04ecaf88aeb707866b9d0b2,0
44c8498fbe502cd5211fc0bd213c07b8cd97e78e,0
88a6778ccd1725ef8b714ce8c1529b5a5d5d3f11,0
f8df6dc61a5da22f5632106ddcb0f37212fa3475,0
f7d1532af9555d0bc196805d87502a57adbf691d,0
3e56c5b221363bdb59f5442768d223345363964d,0
1c9a4b1a2ae249d564ce7ed443748b1d5a0122eb,0
144e2d8451c92a4f068ef42ee7ed2cdb91c4bbf7,0
e94ac9326f57243624fa365c92bbd0e20eeefade,0
2ab41d39d8fc1bab314a9fe65ec8fc65259b81a3,0
8b305c839724e92990c54c5e096330f3710e93d0,0
352d92c698802e57b4bb5d8be0c85ab6ec7d46b3,0
d7e880f42039d15d4b82c9d94b575062f85f8fbb,0
815b6a647c3a2787797a0751e977b8710804489b,0
afba88ef3da7cc02efcfd85bad5f775427463b2d,0
c9e9ecff2080478af2be4d388242242bae718b52,0
eb903b65c53a3f8caecdd3e2f907254cd37e0acf,0
e9ce7c5f0bc5e95bc875504a609653c60b7927de,0
d0d1b2d8337921b0ff880480dd3c225675ae9496,0
03e3ef23a830d116b076d1c886a0d915a9552643,0
56e6ddba16104a8897f8a59e8c3242af5e319451,0
83a4cb9a78d1f637ef0e94429099f2ac01088767,0
7a7127a65966ad214b7357e0bab26d301860740c,0
d22291355dc294f8f1ac28a8a9924dab028ce442,0
8860bd0ed8f8423606b4657abdf68205f2db1695,0
e2b5f7ba0a9800375127fa6f0e3f1310fb897785,0
0dc4c7da7390fe4cdc9933bfa7b964b18afffd75,0
c2be1676a8f8195fba2e39abb91adcc2281a5e9d,0
55b450576537c4dded19c24ada5fea17477b2bed,0
ff4f6c1b615960f36c3dd66c09250137d847be8f,0
90bfc436ee18e366f531caceab8942c579a0bc49,0
5968cd3a3ecaa709b4f24cec7df0d4146e3fe35e,0
5d755688b120d21de932ce6851cecf9be7a4b97c,0
bd1ccf5f0a3c1d1161435d2b44d7e3009efcd13d,0
a200c75a3d33f0d9d55a1da81c251a206cd62a61,0
528f71d454efba2288501b441bd84e9690014548,0
c12ad33bb4ba9b96ca0712fbe499d91e2fc1b89c,0
520827d4cf0e4d25aefe57aa7c9114dafd4c74fe,0
fb92787465b7b116e32ba99e676973c7513f6d0d,0
c16933db8c0a68457213d443eca072db729cdc79,0
29c346e09e95bbfcad067a36a9b26aae257fc9c3,0
81af07c707b365c9a3fd7f98adc86d02e90275e1,0
3360700b5360c5f57ee75ce177f2920b6fdccdb0,0
a9801cc4ef170ccdbe846494e6e30c0c393aa73f,0
a3eef41ea5a4465ec320cf906e72eaa625ea5764,0
8dfa495f2c7d59c3e6b0ef423347a00184ce149f,0
f8eec46d1459844d38a02392e27cbf5318d73b34,0
15facfd9c996c361eb958b7b33b2aa3cbaabf79a,0
57383650238006fdeed8e7900a8cfa4a807c0cf3,0
917ee6ebdd52f234271cde67fd5043b61d5f7b1e,0
3cd0ddc3fa18b895c1acb8d66a6d4a7945232960,0
fab86dcf0e4c71262bbb5796830865c33f1f00e3,0
74d88f74dae59834b16abd33c19f254b1f17dc21,0
43e8216b894c02b87aad2d969fb9d9c3431280ac,0
bd5718d7e19a7d237759a39a36d2c79813a2a934,0
7befd3612de20d6a2bd4a7bf385a55f4674ef1cc,0
c81b2af0c832664594b7f68d9dd770dd418c8422,0
55293364e9a864053cff852bd5cc8a9f31132e35,0
e8649251637209a8ca5b95c446da3a57ad0129d0,0
77fd5a37b6c2a001f010ab0239bf3e538c6d52d9,0
f5c6ef494e0cc977181c9033b1e17e96ebe9922e,0
e275cc3dc620310aa731b985645c36c787aed677,0
c93e111a6a3091e4418756b3178eecb8c64786c6,0
7603230ed1bedfdfc22f8eddab0fda1c47dfd901,0
04294308f698e36fe138fe7984f19bdcacfd4b2b,0
382e540ae5b09d48a73b90390eda2066fa679430,0
abff705f9c0ac28a25ba1c541f075a693b5b867e,0
06479a8a2af379a254d24b6c5d25a13c31973582,0
9e4ad2f685bfde0cdb47c7a9cd95edec40c2e35b,0
20e671b49aa331731f108a983e07304d060e8063,0
2de1c498e782a7c81a76ba2922d6edf93ba82316,0
6e0a97c995cd78e7f9b36cdf63fac4a84b803669,0
bba7b9805a95ee505178e13eac1f7c82697f741d,0
b717273a7ad2450a604bd9ad2da929602b257e45,0
5aaea4e05381b0b7064b93dde171cd93f0811975,0
acd5236f9096c3342ddea999c5a97193ee9da203,0
21cdbc98542e5bf2ab504392f6d3328006a193f4,0
fee623946aad3a5439ca2964c980be5700a4830d,0
1ab85bf1db3da41ffa30c4f970aa7feba27f941f,0
eb353ffa5de91e37877141a42e51e33178e32a34,0
76418da90b43bd730c0b15ff2db34ffc8694554d,0
4ab3d315434d3d59f36da7271aa2c493e692d472,0
2a52d4eed5fca9d20dad9f338ccaf08a0020f35b,0
826975e9cf5f006144398b1375b69921a4550c51,0
c83994e1d0f06bf4e0c951989e2cbca79f6395ba,0
9fa142563c3bcddafcb892d59c458c87ec278a16,0
6473ad7a0b5e041f32a2775368071dc517dee1a8,0
e86620ff6bb77998fde00f7033d283f23184b6fc,0
8f9833972fd5d2c3ee8f82cef99aec6741f49f15,0
33bd5995b02e475bac2cc60e6e2273b23b88dc34,0
24e953db73367f1e582c5307a51865b569360867,0
99f34e5f15705a1f8def8e789671b391c0d31271,0
cda22a05144b23fe37347e1cd540cba944f8b303,0
8deacce8bd5aac4fc175c4319ba77f08828ab618,0
674cbb467496b6d79bd468b5c561bb223a400f4a,0
3cc71fb73dfbd85be74f1a8d63304bcc7186cc3d,0
5daf75b208b907e9bc47af8b87a434629c0181fe,0
2345de9b94e4699c9bb1fc6e4ceff15f6330e4bd,0
4be1913dd2ad7ac09c8ba948e355c062e44ee2aa,0
2aa27e3a01b504ba0b63c1122d72f94005c19e71,0
07ffca3af4d2a8ae6fa512c35af05119301c418a,0
ad2008443c22be8df994f8cfb0b9509cb7626aa4,0
68d4e9ad1b9ba07f98f2b10916b70c027d4a758f,0
989ebe3eaaf42c7a7202c93067a41e4ff0a086a2,0
5d7b3a9ac04dbb492a683336f71e4fb1618457b1,0
94f43561000d70856267b542365c3a715473a585,0
0ab2b14cfcb54a4406edd633e9a32b17acc32dc2,0
d91c0c069828b056567b548b720fae8ea8abe3bf,0
dd57f485f9b237714510a89832eba9979b8dc964,0
a1159c824380e21520366ae58b8dcee5e70c518b,0
07ab2af39d3a670e92f5e1e59749b8ecd51f9e48,0
7711d39400b6b2a8d210fb85b32bad59cf2a9d49,0
5c072450ac6e8bf730cd14e6cd5f879031abf5ec,0
2cbd1d02221d12f7937e8825a669f0087cbbcc9f,0
a3a4a2c4c248ce85704714fe3b61678602edf7b7,0
a9848164c870e1aaa3598081d1e8e07e8556fa11,0
ebe2160d0da10bfb63e5a2f2b108dcfd6747cad4,0
e6c090ea5a29117f867f2cff06bd99602ce9b356,0
35ca22d231f30107aff092222476d93f1a555c71,0
6d730fb7ed6c2da3e9f1c966c35a32b478a8bbfe,0
275b140280959ba9dc0b85a3eef6a095036dd627,0
fd5f81e66df20da776c119ae0df693be0c27757c,0
17c16cc65424b2e7ef51e1367fa71e6400136fc9,0
7bb2bf1e65fd37bc9b06a18a1132ed4ac6798b11,0
e87ee7939edb59152a12114e80c5cfdf6e769bcc,0
9121d9c800bf69b754d9fbbcbe7c26bf15d624be,0
bd458847409655afa897ea763e4a4b24593a4b9f,0
f9dea2b41952f563cf00b66efff5aaf4ab5cba5d,0
c9ed35a57ae8bde6729d61040894ce976ff52d93,0
e10f5c32c08eb5d3a03cbc910372cdc90839c620,0
0483837c3e9753a24146ff4642b85a4d0567ad58,0
25f93c68a0adc1c71234547094917347a945f1ba,0
b9214a43f9bad64bf6ca6cf085e41d7e47729a3a,0
d7e00ab7f831b685b19d68ced5cdbf6ff608f802,0
6b28a01eaac59560b517b9a3131cbf3ccc31e206,0
96b83022b96ee30736a08a10d9cb714fa7848367,0
45e3cf951120b9db11280c7bbba50a839e237007,0
80bc17fbe7f55e3f9fbeec8d027f7e4973b92bf7,0
efd2868a62e976df303dbb9c3847b95f4d56f5a6,0
abab1d4cc18662bda14bc06cccdbeb579473add1,0
10c930ddcb0d001f99dd53c88dddbe2d13151f30,0
44ebaf0149d5e5726181541fa95666d050024dc4,0
fdea2be62fbbb2eb592c2f6c75a23db7fd81a851,0
eb5e821beae8362ccc6b8b30d0d8a02d4131b8e1,0
823a630e809fc46481b3b9b8ce2f262cac084de7,0
ed8996d9a0e503031ef70915ee0f067a71b20a16,0
005089f8d330debcaa9d50d2233d87059801aef8,0
8a6e1c3adaeff09563df4a9da8b72eca29befda6,0
8d0a14e3e8f5fda68eedb74afc3ff4ec2f91d304,0
69fd1f06420a37e4595f3b7fb0c77e34d6cfc251,0
9d5281caede544d054347692e22d302b53c2d9f3,0
239a84d5b2d984e541395f60089916d36b07e8b1,0
98ca03954d4404652eb6a0a6eaf661dd8250474c,0
8abf39db292bcd3bb02376ad55bf9c667d93f33d,0
f46ac6d7394218d5e8d3a4c3ce850e7dd479c4e9,0
3fdba065dd16a9eafdf1997ba89277da195a66a9,0
81e420cfb09bc89a819e4463746100793788d9a9,0
6ab482e977d4c84742734ff9c373b032fbe33086,0
2acd655200594f3281c56c28db6f73dadae12fa9,0
55e5ee23a40eddf8fc5df380ae99adeac9ed5ae1,0
af45dd7e80039ef8ae1741c2a1a3b10d9b4eac7b,0
3558bdf4b716459f83e2a0f1ef6f93f4707ccc50,0
942e18adda7df52e050c2564e98766f01a6ec2af,0
955983259576764ad68ee749e140e9c1801e34dc,0
12c264bec0159413b2a806931445438f541cebc6,0
f6fcec7974993fdae6ee442416cad2f1014ba3b9,0
35019799d6e677dfc656365d47982bf44e513370,0
f673148e9b8674aa6d5bd1efdd12679fc0099c79,0
352e0faebcdcaf8fc8bb79d30cbd2fe0a34962dd,0
687e1d8dab207588f413576173ccd08cb72c237a,0
c7c68752c8856a73dad940e058ed9e2737bf9d10,0
43fe7164f6a577fb8b15c2caaaa1bb38443e1ab3,0
8cea5079860a4b1485fa75220d80f5738cd2b54e,0
7a471fe745f63841d42beab7932ec43a6963c2fc,0
53e517acec1b3d6a1f8953ec9251c7caaf048e38,0
4a11e0934bd7dfbe4e251f2cf1437051c287e362,0
7073116d394be9568afc2c37bfff6e123d3c605f,0
d844a8e12824a1db863efa59b6d9c39c87d6321c,0
9b88f39f0917a57efc101fc7f7419ec13b4b82ec,0
e49671c0ba2d11f7a36bb35a483664b0e82018a1,0
8cae4747e4cd94059d66b8bf971b986b02dcfa74,0
b2f8c1164156a6245e559b1de8ab024612d0fda2,0
2a7d17c766f2e13e1e1326f5060e2f838a39335f,0
ed521579496724570446484fa524a023518cdcb5,0
3c7f5e2a32a54a12931f413b99c0633aee7414b5,0
e1b6c18b509f46ec98fa5c6155d33f86d82cb409,0
4176ecb14212543625ee9af15f00a09ba7d04c13,0
a920a90838f4ad5b9b8460e539b250e2c4b7cf2d,0
a54f7fbbe641642f45edc2dbcd51ca748608ebd8,0
19e9326dbf9fc6b54245d22df5cddf074b4dcdbf,0
91c75b93e37a0f1a26e65631bb187d531623f645,0
7e7ee80d85c94b620c6ea56553a7fd491cb41344,0
7f558e5b7635fc12eb8f96640bf2cbb16c0292b3,0
e9d215ef047c24423c7d3caffcbb74d88b95bf3e,0
1cb2f82a23ee4001f3136452dae8adb342162362,0
c66bd262c1776920a0dcdda8e542b54fd8c66b9a,0
d8ba15241607c67b033609a5a7dddbfa13b74c5d,0
465d468d9eaee09f5eded196a0cd56b3a46ec864,0
52412c8900ee473281942ed37bc4a7849ecc2a7a,0
56251065c2afd88d89056a919804f9b3322fe43c,0
43b8f2569b98c1d2c132047fd7c8dea46368f22a,0
2115db09bb6cc3791984e390709ca21a3c562c37,0
090c518871a6da3f1f3bfe441aadf2758eb078a8,0
ed6afb776a07c99c7284f4e0d865d4c9a582beee,0
b31270fa0fd09e1a52af3f0a961008773bea2454,0
f8b13b720800a9f3e8c19899c0e61542f91f2f88,0
260f53e67ac6c31d17f8c41d0dd4297912e4ca5f,0
972ad6c66d7f67c847ada45c050e031a88774489,0
9efafb1d06c283d8c868315043b44e64132c6483,0
fa321ddeba38b0cd5f8bf55ce4306a8006c9e39c,0
ee0e1be9c3fb5e25cd14dabd6e3b8b6870ca3e98,0
ef4b1394d82560ce48b0e72f2ee674a732f8a5a1,0
0a61dd979a60a09c80234e6dea3ad69e357d43d1,0
c4869735846a4c59ebc7d6695206ece2939742bc,0
5262e7e73ade018f7849bed760d9fefac9fa9e5f,0
9ac73b8d6b32cdedd6af51b968fd78a320a1c3ce,0
0093e3ad225e9106e3f128616d7a63876e3db011,0
e70b8bfbcd790e99dca06b08066f1f25c5e85d1d,0
6c36cfbb851599e8cffa8f65e2de1ec96876deb0,0
4d3ea26e33216b68fc09d520349cdc2d07fb2972,0
5ab81a73c1c320eb81fd4ab81f8cd41b19222b52,0
64552862ed6569e37be5356960d54e2948aeb431,0
9b9ecda02d70b09a9360ee653f5ee1e3946c3a72,0
5133c7537387ffcd581ca6577bde5d5d60d00820,0
50f39b07dce3de7b4f9712a4e4d3a19bb59c9356,0
1b59b52292c991547568760fa664e709bbc871a4,0
8167ffff20f98830770313137b13c03d8e485308,0
4a720bb901f1385d11ec0465f9f01c87b7f6cafd,0
1e3badb8f3a6b150a097fb842d12928d21b4193b,0
20e049ab49fa972365f4f1258247b2e6d47bb269,0
4a374968a656854e9bd68cad6b20a4037bf5714c,0
9359e20667abc331824a54f2833cd551e8418ca4,0
5a73b50ce60680219c9f35f1be5d67eec1741cbe,0
95d673ea402cc8308fed3ff192fbc2371287d575,0
3a0f075a5475cfa3e4cba358cfdf32420563e755,0
cf26c492a106d667a67a8944bbdc10e0a6fdcbb0,0
3e754d68fd787062e251a160d9b4aa493567b2c0,0
6ac821d9af5b2c84e77bc02ebb179c64c7f4653c,0
c557a7ac3278425db7b27419524ccc33e83dcdb5,0
17d8d54eb61b245262c9e7a1011262193ea894ca,0
53e64f05852efe69cb9e39dc0ea16bce46451288,0
38e12a1238fbafb180bc174f9f908c6e12c18760,0
a185e5304cdd1e97507ebf00398280ddd57934a2,0
68b0e99b652b5bdd4d041d8e1f1e2b5f5069f9cf,0
b01a818821d208b41e8b5eba27186908b802df0a,0
0507bb7e88b65ad672f9686953ff09243c3afe84,0
aa9c1ea3f16d430c1d2218eeb050c3ea0dc6cee1,0
d6589774a66ad528e302dac34fe0a99e52a41508,0
cb3804324481580dd48d0e35895dcb6e2b0615c3,0
67ff31299459d3f925313ccc7357725feb2a57a4,0
11654c1549a7917390d46cdbec405d023e1d8c07,0
5ea4fa839dd6736331b8050958025036d27c4dfb,0
ed6c8a067877bb99724813b311d4024c6af3c108,0
ba0bb980203ecd83bf262d4455c6fe9248f49191,0
72a5aa14ed5bff04665e523ca066983e26e21bab,0
e931d1d71ddfb40a0eb81601d8884d220663a46c,0
5bfbbcf9a23c01f2a6219d00121bcf89cfba1252,0
bbdbf79438b822d77cf397261506005e0d8b0c18,0
a51f5708cd3e7a7eacee3ad34ceeea6a9da3922f,0
8280486c73a55c46b2e892a20e87cd9ed4b215d6,0
ffd572a438cc482a6c9b4a083dcacd63b47a4f1a,0
d11a3b2eabb32d4af00943aa5acd1821e0a0f1e5,0
0a68fa9eed835e9bb21381351f497252bfe2ea5d,0
ea3db733339f0848d2e185b4c990a7951774fd0f,0
a84b6923e79a74cf843eb00f1e4852dd9c5f495c,0
cd5255cd29980e1efa74112c21e57c446f91f4e5,0
8b3678b5a311df57af151d5ffe4606fb653f676e,0
860f83d823e7f08157679720ac39d4f9f7e22901,0
3cd2a17307ded68d584ee6da0f4164aa131e85da,0
a6f1af5f59cd0a657cdef14fea1276278531f865,0
505cf744a8bf0aabe2db52b27bcf0bbc1d90991a,0
fe55941af92bf422ef20a03f48231229da41b70c,0
833c4951eebe9478c877e75418aa3119f1d1cdbc,0
8122b2a79d34fbe5dc54de22bf35a3eadc78fd82,0
ac4243b7d71808fd7fe274dd37b30ae5a28cccab,0
fa1f1c8e9791688ee7b030bf80b49a154ae24cfa,0
e4b68ca5fc288e277c460dcf37585685bf6b3d8b,0
9d74d0c8748edb15c1cee646bb255472d8bced4f,0
3552227669381241e81b2126f94cf61665672d5d,0
b1e34549c190b63293cbef10cb80383fa8607b29,0
81544f21554d8ea19b41b3c39c01664b2d84bbb0,0
fc7fcd0d04c3c61830f3802780974eb3a5d4de2d,0
0fd7ff752093c960110b06d1e0133736488ab2f4,0
a28d3fdf6309fce29d76a825420014921af1d56d,0
fef7dc6dac591879b467e91f5b5602c20faf5b42,0
11bd32e34572e1a808639a459cec51ae25de524c,0
7a1524fb1663cadfb0923afa2f2a6281a0b705f2,0
0a2914aa7b1ef9f289ad9731fdc4916935603332,0
273a1da4df45be2f9b912cf2016c1f3063c45646,0
b6fb1330df6c4ab4a68fa1b3fba8566732c06d85,0
d2bc1ffcb821488e9c90fd6508364585dd4aa28b,0
39fbba1eb063040faf2b41549d7f9fe020dc0e9b,0
34738c56dfb04537353ce1501ea409cf40db43ec,0
351107bc8d378e794b295b0f58246274cb995c74,0
393aa13887dc6c8510001cfa8b4024382d5f8ad8,0
d41d452bb8e505d52585ecca7e646eea0f663a6e,0
8af1153e499c234def8d9eb38dd6461beb249497,0
02313bb3a40b87500edd10b89f49e1f582733ea3,0
a0788858f206bfa3cbc3b0ba237c935bf002d896,0
083a83f22fd10401b06a2f1822e29cc6b324e520,0
55fa049b9da748a3aaec3a982143888b4c4d33f0,0
4af9b5c0716af4b42961ee547a0e1dbeb0c04d09,0
7b490eddc13d8b197fb3a56c2b3b6a20b0b3bb4e,0
17f636c764b4c68e4cba986d3d723966fad9796c,0
d0b256026827f46a835b35e487810e22420ab27b,0
a721d5cc9ebed4cb3679a935f4eb2cb167a78527,0
38c9a8d84510a1b6d0b72c48b6587667a2a261b1,0
3ee1b624b8e47cc79fc490f4b8fe13979b6ae491,0
21b79dcffe4780502a874419e5f52f6b46189ef3,0
96b6041d70493676524769485d749f54fa93ea42,0
a35a81310d67a0c77893ff87e7718de90c21fbda,0
89e83282abc5a900a1ce63673d88e24e865989a2,0
33b2ad9f1cd2ea29146a7615128f6f7bd6b79deb,0
01d8e196dc76a33d75cdd31fcb9c203397245112,0
bcf87c0fe1e1ef936f38c8b3777c2eb0806b3889,0
a6d7dea21561037f15ed8528fcee2072709cf237,0
364189331e32fa9096158c624c7699f69ad8d32e,0
a8633aa28dc04dbd27cd7c63c8db4cda1095af5f,0
4b53f9ec429a4955732077a879244b5f0464b091,0
c3fe94ae376125affe7196963e9e48fa812e3d6c,0
551dd2df80003a8f60af5ceaa088256fe91bbb1b,0
04b4d0f94f75bdcc6338baf129b08c9c6c6ce87e,0
f24b37e1327bc135c2dcfb795b56e6ca5a408508,0
3b156a19e8e7346404ed88a46cd9cb6acd046b55,0
445e1f909fd3f19fe5383f083fed2e363faaeb61,0
1416730b40eb5fd627804928b1215c3ec74dd0c9,0
94d9347fcaa0566c438fd2d4dc263cd693475dbb,0
5160a03ef8c9179402820084154f736036c8831a,0
33bba0cb967cc39b9c0cdff9cdfdd79bed9f2f15,0
db66778090d1e3131dd6e3fb59c176278e8e215f,0
395e18056d6bffd78106ea4b766c8b8341aba2b2,0
21c6bbca1210eeabca49dd6e482b09eb4ebafb97,0
2ec2abe81eaeb6b2a56f05ef11f011402f150b38,0
2ff4af5a01eff2010f45bc14c4adf22a99b820a7,0
2af29e9a26ccbf714fa5bf2c3f61024f752446f2,0
4ac456c6568521d1287d58f785f6a514e8528194,0
9b3dd74c5873bb33b58b5802272a7fb56204ec99,0
93f20aaeba6aa071be8764bbbace1432e732738b,0
0900b36b70df8ca3939df65a98f12c0c5f537d3b,0
8073a525c9c013ccacc3b289f0cf21c33ebf35e2,0
03c5267908c2d5c611b8a67fe89e423ca405a93b,0
344d08b118984f3058a16eb0e96b77a8bd64ea62,0
6a84f21f3a82dbc68d85b03a3ff921d3a6b76621,0
b07b35d90f436319947bd2b7058b586d9702e597,0
c66bef968e0c4a3a1368c7bcdb77eee5b01fa1c6,0
c75c9a812e8981839a4b88d639f55203c730e98c,0
df8df5b5a6fc5b9887eecdeb3b524b9123bec544,0
807a365d9111c366e5314f2b3572501322feb489,0
97752cb849b1541d00f16fcea2426fd0ed5680b5,0
680bfc6596b9a89bcee60f31c7e9cb6c61bd5c9d,0
c9f3b52c10226635ab01dfd3a7e744e4dbfbba72,0
2e00fa7241df02320140ad684bd392d833a385ab,0
4d1d0c92cd67899d4335d2fe3535573aa0dfc4db,0
cf4dcc9f77c2450e14497582f3f8e61a405ae948,0
2a412fcd1eed37c893fe9fe7e4c4ccec25d906ad,0
67ef6b94174b89708574a5c66f95a864f227dd03,0
0848891b92604bbd5aad6823ae406ae348e7ec06,0
2179d63f3dcefe991eca270ce717e3b0d7080870,0
5528a9b36f127a11cd442aeac91de9f92ce87e4b,0
c5c0032baf0e3c1d35f7abd5fdff7a262d8f7881,0
00bd49eaa54603163d43531b9571cafc7ae74ee0,0
f2a066e584a9f8cb5be326f4e3afe2da53375982,0
28064636a726d7ecd12b4cd834880a7db6c398a7,0
286891c947277d8368d60b0dfa7c7d6cd1a003c7,0
f67237e46c0bb606449295c89184921a22a6eab4,0
91f1ba42639c9c8016065d82e4b509e2355d4eef,0
204a0036e4a85f5cb886fcda7c7c2f09d26b0174,0
835b74a4d080471c4cca9432e1482ee6c2b524dd,0
e4d0ae83a0ac6f0bfa22933ad25088d1f7577c07,0
7e9339aadf40c523644fb0cffe804e564531940b,0
37b3fc7921d2b2db91ca5675ab91881a25fb777d,0
cc33262df27996f96d88fe0df28e068c494d2f1b,0
794dd4d972a62871a3e29ccb4045d8622716125a,0
ae106ef0d1c280e0740a23d45094fbddea3def6f,0
fa4eb1f879e09a4432de5d07b7a9893bf8bc92a5,0
db74637563b2bab8f165ee8bc779ff0808d58116,0
975f5e109532cf254907e090525666e777a292b5,0
a84a80c1e53c2bc6cf7ac39fb2ab09f3a99a851d,0
d5767ac60587a4cc16a246499fbc6d5101062ec4,0
aa885488bc2caea2e166dd1dc8ff089b1961a85c,0
5b32f27b77efc4688a3c81f26abb1246c2e97867,0
60e97901fc2217802a06be2ccb66ee5c2c3b82c6,0
62126124e1dfe146b0902608f0e6b80bb4d8ced8,0
6966b7101b3bdf3f68835a901e031cec26f81ce9,0
7f1e163de06fad185f1279a75991b91e10392740,0
6689b08ae0538914d15a5cac8744b22280ae2d12,0
89195f51e9023ca332c769c439dd1619a3582968,0
a7a4ddad17f883981fe1e03c85ca9d2dd62ea750,0
8029bb62e74aef2e5c483eff3f3603e3f407da2a,0
59296fac35bd91a61bf7a483cfb03cf83ceca0da,0
bc290e00b7ea931965db6d0dfa101d813a2fe323,0
6c1c4ff4ec9e5bf0cb72823816a74d9a2a00bab2,0
314fb18f15ceb32589e40224257faeac6c8768b2,0
50bbfb3de58e82514f50a34f2ec24d147112b7f5,0
b6f137d7847e866d5be1cd2ef6d1e79dd7764914,0
a87aa081073658cc3be775357bc96c18f25826f9,0
57748d60a5e58598b8f66feaa7760ebed9a02dbf,0
cd58f1856a9adc31b95e8ed58b168df635c1af71,0
5e3277b05b196909aa7d53c3bd59686eb042e432,0
2498e69562bf086ad2a9f05292a988d75fbd3aa3,0
13eda4ae2960b8a7a5d3e30e015eae7d27aecea9,0
dae06d2a98996d2c4bcf735792683490acc3ca54,0
eb473477f222534cf37237a6c93150521faaf74a,0
5d2583a0f44ded24be9b19a657f6554b1a78a5ef,0
83308ea4417bde2164455147ed37cb44978301f3,0
e3f96299c0d125b18d7a6fc620aeaf85e91a1bca,0
a121bb67bd1ace491bf0ccecb42c6092ba73e5f0,0
00eb58b75fe2722d3350acfde32dd7098d206d81,0
ed4d430d617166cebe2b13ae0d96aa9a4848e17c,0
420025bf9f8eca5b410c684069a2bcb726bd9e93,0
f9fb4c48b124ddbd5b80dd20484232151741dff5,0
360986b1918c6683ac69827174facb77a059e451,0
018caeddd81bc282acb2ed4df8fd0535cf4745f7,0
0c6c848471347704185452631cd6667bf903f6e2,0
594b57e89725faaeaf9a4c485637c2a26aa0395b,0
6a0832b2c829b47122bacd1bf1ea64b0d8ec3e2b,0
7b26ffbf8fa264146affa30f2a23c461d3f2c606,0
e729e4de7ea79784a4b7f79cde237ba8959f32da,0
2bc9889e634795ca136da2305ac3aee96286fcdf,0
3d90a988395a4336959b60f44a2853cd1dafda8c,0
3be04bffdaa8612f6bebe4b5dd4404f40c84aa7d,0
fa36c0e2d705ff1b1cb87e9a825884a6dfb1b7e9,0
da33fd570880c4cc90465b96936b2bb40af4b632,0
eda8ddfc718ec893d842a867e6ad6c0f05fa7557,0
f24bd793c46bcce9f5d6eea71ad71739f8b93739,0
91189ca77aac1f8fd470a53a0eea24fc9b084fbf,0
8368bf60dc6108b1bc9b0a259ce89aa336f848cf,0
cc1c3009c54b5392173bfe98a4822153e3c4935f,0
0bc3212df9d51f04029af2c5a2d3c930c9cbb013,0
692664cfe02d11bf5ce44833f0bc074a58cb7d37,0
33ab61668c6b6d23ecf98b76839fe5c941fa10e5,0
c0ce3a729218279a6b4b03aab7a71bb8ae9d6259,0
905b4af030203d0e0240356c75671c19e2f692d6,0
09b2410688888c0f39ee780e35a51ba06469f382,0
61fdda63d39874fe8a3db218338c8ca1ac8971bb,0
40581b93919fbb18bc93c687d11db8e98f70fbfb,0
dd21b36dbd1d4792df33ef59121d21585dd581c8,0
5174cd78c1334ad212712982b8cd61b5fb4e75eb,0
a7eadc31c9133043e755b1888ca398002616108e,0
963c1c8fac2dd3df03ff453717d4364b6ac9306c,0
ef477011e77c2425e968f3f77d26f486fec2af22,0
9fb03866537e0b823f9fe23db3e162e475e21e83,0
ed70569bf5d57699818d95a265886c78fc39e58d,0
a1fb40027bae5072f04044b055544c1fc17f4ff4,0
8a339ed1ec4d0cb9e0b0d0ae7ad5e4ac8d55c09f,0
614ca6906185838b5339352dd0c4d746ad2d951d,0
7b7ec0519d6e9fc4bac608130e64dd5bfaa8a562,0
56ad5f6835c81481851f907afa274525b81375b7,0
ee08f1a775a2b09d26051a5d881301a554fd5645,0
7998502889ba0e12002d0ec5af1b02e53825e13e,0
052e0151ca6f3fdd395add594421776852aaefc0,0
48d5813674ce2c9ce3f5efb20a37df3928f4e47e,0
1cdd85866bcc528a25fdeeb54cb5ee01c48a0782,0
7095eee6fff898c375acd69ebaff0bf07e9fe244,0
00a16c48e0bba9a1590136e886f6ab2960aa220b,0
b2c35e93608e737d28d8dd51ad15972df5c72f71,0
0951669df6cd687511c10b1c889ba746407f4229,0
0f5d0ad18e8aa4692aaa333818fd78e95d4cddef,0
b8df3343a1576473687e4c9d240b87854a0634fe,0
853f883f738b9335a9514642082aef9c4947421f,0
1dfc69425958ffbc3fb5c384348d571c4abca6bb,0
568ce9b204388827b2e797265fac5dd39bfcdcb4,0
9d83542320dfe54cf11456b921e0ee93fb6a340d,0
fece93508b4c2aa38ff4047b592067be706f8ca3,0
e1f29d826efb7941c8b59f5adae5b7111635c82f,0
d14b38da7eafbf8a58451f49c99ce62cbc91b6b1,0
c09cdc30b55325be28488a7f13d95730d369f935,0
cfa53dbc9434dc117e82dbcbbd76b570679af0bf,0
9c838dc8f61f80f96900ef2b4887db344445cf3a,0
f3529997550086808fd787cb88d43a492c32da17,0
a26187732b94de8313199c7c9e0b5b9848f5255e,0
baaf6b9c49b417de87d7279623442c5ee78f5930,0
4fa8d6d8a40bb9c28b3f208598019f4b75da2ec7,0
2715cad0f948b0c7b53f1b8f24526d9971842e90,0
58b69a442e0cf259c337ec9d4a675a289ff1b6fe,0
54c71d419a4a2e0063f5c6100eff55127ae054a9,0
4a835a774558cdd773c875b82ea019b130aaf92d,0
f0abf7680380edc00c2204ba25692fdc9e5b0d46,0
12558f2ec1365bef7ebfb6edaba09aaa8cecc39d,0
1a9f0f379badf8d54ece4786fe390f86a888929e,0
1473184d209917fc8eb553faf26890a6d2fc9fe7,0
fadc83a84fee174c24604f5b37a5446953474f3a,0
03d334ebe0fe728db8ae701a656437619de8627e,0
9b05de8e2d0b10d98150d0da86379d32c303f40a,0
77c96847ce410d47678f78cb543b1dae7db47112,0
b936beed5c616a6254466f476555b70dbfadb826,0
14037b617e7227686df9cc1389fc461534107338,0
82b7e77b826ce6a17cf98577b9969b88e09861fd,0
076e28399c7336f2b287b102a6e4e40934f2057d,0
cd9685dbfcee8081536ba7d6a399638e04c65d6a,0
029deacf85a302cf52453dc3f6c2ce98d6587ba4,0
74b179ca6b7f3f9c86c0021ea93c569012826acf,0
b3fb2d39727940b487765b401b763ae5ba79a4cf,0
086fce570c3ee2e5b91ee8f4b71e9ddf52fa7207,0
29761d0a18294ec32dedaeba086ddc6a41f5bc0c,0
ce68ba8b331f855923c724553d6cf57f3c6b796d,0
76957c414970460e336d86fa2bc5c8c4f3599b2f,0
9abf04a656d28350d21dcc6e5df1e6ef1b220c50,0
729909018201bf94587a430414f59cc9fbf64547,0
e2d7af8692ad1c08f2ef45028d6d5044867d127c,0
cdc97c43682c15de3303d956df0109970b7b2b92,0
d8888c394cf0adc261322e1746368b85d493c663,0
641102d747ca7f5445ed9fc4abc2528c9a1dae09,0
489d4719df979f4d119bdc87cd02e8476e231331,0
3d3e03a63a54bc389fac77b575044fb417707e30,0
124a26fb097bb9de3692e270a8f90c89efdcaee2,0
c5fcb84758d537e0889f5376ccc26dfa39bef9ee,0
dd41900fb6405e43af72c4956b45a6911022ae8c,0
bcfd0565d4fbd8f7fec56619b37513c31e2b5c99,0
87ff011f6a2b360d537c5da9a6ad42c42b8f85f2,0
abe9502d3ba02e8e6815c0dfc9648582aa8d423d,0
17d283e2907c8b6e82fefb6422fe4f066def5f3a,0
3b6181a317bdecac0305c8eb538de4960405e3dd,0
55239ec1e23ec02734c0738a57e244b2a0de1060,0
dd8ba2004741b76758873b779e250f5ce9f7b949,0
a9abc422d8ace1ee1dac740b59445ad98ddc9249,0
659cf30d6f45726b67f149c43d2441396113f34a,0
aa7a09b999d440d574fd1096de1a76131ba19d9d,0
1f4ec799b1426e37e9aade8d0f4c5f78a02876cd,0
9fa96d9a23597489a1300a2cc9fac986c2fac817,0
